isin,
XS0272297358,
CNE000000BQ0,
ARDEUT111069,
ARDEUT111069,
US45835N1054,
SG1AD2000008,
CA05156X1087,
US7821835037,
US21H0426120,
US21H0426617,
US01F0326B57,
US02R0406A56,
US21H0406577,
US21H0426534,
US02R0406642,
US01F0326664,
US21H0306660,
US21H0406734,
US21H0426799,
US01F0406854,
US21H0426872,
US21H0326882,
US21H0326965,
US21H0426A28,
US21H0306A72,
US01F0406A02,
US01F0305B03,
US01F0325B66,
US21H0326B10,
US21H0326130,
US21H0406163,
US01F0406284,
US02R0406238,
US01F0326334,
US01F0326664,
US21H0406734,
US01F0406854,
US21H0306827,
US21H0426955,
US21H0326A37,
US21H0406B47,
US21H0426B01,
US02R0305174,
US01F0406284,
US01F0406367,
US21H0426534,
US01F0325591,
US21H0326627,
US21H0406650,
US01F0325674,
US21H0326700,
US21H0426799,
US01F0325757,
US21H0306827,
US01F0406938,
US45835N1054,
US21H0306A72,
US21H0326A37,
US21H0326B10,
US02R0406B30,
US21H0406163,
US21H0406247,
US01F0326334,
US21H0306330,
US21H0326395,
US21H0426385,
US02R0305414,
US01F0326581,
US02R0406568,
US02R0305661,
US21H0406650,
US21H0426617,
US02R0305745,
US21H0306744,
US02R0406725,
US01F0305791,
CA05156X1087,
US01F0326821,
US01F0325831,
CNE000000BQ0,
US21H0306900,
US21H0406999,
SG1AD2000008,
US21H0426A28,
US01F0325A83,
US01F0326B57,
US21H0306B55,
US21H0406B47,
US01F0406C67,
US21H0426C83,
US02R0406C13,
US02R0305174,
US21H0426120,
US01F0305122,
US01F0326250,
US02R0406238,
US7821835037,
XAC9413PAU75,
US21H0306330,
US21H0406320,
US02R0305414,
US21H0326478,
US01F0305460,
US21H0306587,
CNE1000003D8,
US01F0406698,
US21H0326627,
US01F0406938,
US01F0305A20,
US02R0406A56,
US01N0326C49,
US01F0406C67,
US21H0306C39,
US02R0406C13,
US01F0326177,
US02R0305257,
US02R0305331,
US21H0406320,
US21H0426385,
US01F0326581,
US01F0406516,
US01F0325591,
US01F0406698,
US21H0306660,
US01F0305619,
US02R0406642,
CH0328298028,
US21H0306744,
US01F0305791,
US01F0325757,
US02R0406725,
US25272YAB92,
US02R0305828,
US01F0305874,
US21H0306900,
US21H0326965,
US01F0305957,
US22164EAC93,
US21H0406A63,
US21H0306B55,
US01F0325B66,
US21H0306C39,
US21H0326C92,
US01F0305C85,
CNE1000003D8,
US13134MBG78,
US01F0204143,
US01F0304133,
US01F0526156,
US02R0424132,
US01N0526168,
US21H0326130,
US01F0306112,
US02R0224151,
US87239PAD69,
US59870UAG13,
US39678DAC48,
US01F0326250,
US01F0224281,
US02R0305257,
US21H0406247,
US01F0324271,
US01F0404206,
US43289DAE31,
US02R0305331,
US02R0406311,
US22164EAC93,
US01F0305460,
US01F0406516,
US02R0305588,
US02R0305661,
US01F0305619,
US02R0305745,
US21H0326700,
US01F0326821,
US21H0326882,
US01F0305874,
US01F0325831,
CH0328298028,
US29286GAC24,
US88233FAJ93,
US21H0406999,
US01F0305957,
US14835JAL44,
US39678DAC48,
US01F0305A20,
US01F0325A83,
US92210XAC48,
US59870UAG13,
US01F0305B03,
US02R0406B30,
XAC9413PAU75,
US25272YAB92,
US13134MBG78,
US62538LAJ35,
US01N0326C49,
US21H0326C92,
US21H0426C83,
US01F0305C85,
US01F0204143,
US02R0424132,
US01N0526168,
US01F0306112,
US01F0305122,
US02R0224151,
US88233FAJ93,
US01F0224281,
US01F0304216,
US01F0324271,
US01F0406367,
US21H0326395,
US02R0406311,
US29286GAC24,
US14835JAL44,
US21H0326478,
US43289DAE31,
US21H0306587,
US02R0305588,
US21H0406577,
US02R0406568,
US87239PAD69,
US01F0325674,
US02R0305828,
US21H0426872,
US21H0426955,
US92210XAC48,
US01F0406A02,
US21H0406A63,
US62538LAJ35,
US21H0426B01,
US01F0326177,
US01F0304133,
US01F0526156,
US01F0304216,
US01F0404206,
XS0272297358,