ISIN,MarketValue,Currency
JP3868400007,50000,GBP
FR0000571218,28136,GBP
FR0011883966,117291,GBP
FR0010466938,6387,GBP
FR0010070060,50992,GBP
FR0011317783,87463,GBP
FR0011196856,56123,GBP
FR0000187635,246013,GBP
FR0010916924,4482,GBP
FR0012993103,100539,GBP
FR0000571150,106111,GBP
FR0010371401,977,GBP
FR0011486067,106715,GBP
IT0001444378,61113,GBP
FR0010192997,58007,GBP
ES0000012411,46731,GBP
IT0005024234,28204,GBP
ES0000011868,25578,GBP
FR0011059088,54122,GBP
IT0003934657,68278,GBP
FR0011619436,3865,GBP
FR0013131877,19256,GBP
DE0001135481,414624,GBP
FR0011962398,565772,GBP
DE0001135275,98351,GBP
FR0011337880,24311,GBP
IT0003535157,8272,GBP
IT0001278511,30854,GBP
IT0004532559,4504,GBP
FR0011461037,39672,GBP
IT0001174611,7911,GBP
ES00000121S7,39883,GBP
FR0013341682,1000,EUR
FR0013407236,3137,EUR
DE0001102341,262436,EUR
ES00000123C7,27793,EUR
BE0000304130,36815,EUR
IT0004513641,77723,EUR
FR0013154044,53532,EUR
IT0004286966,29411,EUR
FR0010171975,59029,EUR
FR0013283686,6529,EUR
DE0001135176,28638,EUR
DE0001135366,86716,EUR
ES0000012932,44884,EUR
FR0013257524,34407,EUR
FR0010870956,51256,EUR
DE0001102390,69267,EUR
ES00000120N0,22367,EUR
IT0004889033,98757,EUR
BE0000291972,4129,EUR
BE0000320292,70996,EUR
FR0013157096,16952,EUR
IT0003256820,32017,EUR
FR0013219177,259584,EUR
NL0009446418,19355,EUR
ES00000123K0,42757,EUR
IE00B9346255,477,EUR
IT0004356843,157417,EUR
ES00000127A2,72596,EUR
ES00000124C5,37152,EUR
IT0004953417,32892,EUR
IT0004644735,2222,EUR
ES00000123B9,41426,EUR
ES00000123U9,31851,EUR
DE0001135226,56913,EUR
ES00000122E5,28221,EUR
FR0013250560,134307,EUR
IT0004759673,61024,EUR
DE0001141745,152368,EUR
IT0004009673,16819,EUR
ES00000123X3,35342,EUR
IT0004801541,32636,EUR
DE0001102440,72499,EUR
ES00000124W3,81874,EUR
NL0000102234,87727,EUR
IT0004898034,42758,EUR
ES00000127G9,108352,EUR
DE0001135432,123118,EUR
DE0001102457,23924,EUR
FR0012517027,187425,EUR
ES0000012B39,71202,EUR
ES0000012B88,48143,EUR
DE0001135473,41945,EUR
IT0004848831,4997,EUR
IT0005348443,37717,EUR
IT0005090318,52327,EUR
FR0013398583,72763,EUR
DE0001102408,125281,EUR
DE0001135440,61004,EUR
IT0005340929,51885,EUR
DE0001102317,41669,EUR
FR0013344751,50568,EUR
ES00000128Q6,30354,EUR
ES00000126Z1,9174,EUR
DE0001102325,89638,EUR
ES00000128P8,28231,EUR
IT0005365165,32306,EUR
DE0001102333,648,EUR
AT0000A04967,11494,EUR
ES00000128C6,27558,EUR
BE0000328378,1237,EUR
ES00000121G2,52725,EUR
DE0001102309,17157,EUR
IT0005277444,37641,EUR
DE0001102465,65092,EUR
IT0005001547,76798,EUR
NL0010071189,69009,EUR
IT0004966401,11566,EUR
PTOTEAOE0021,13933,EUR
DE0001141794,22384,EUR
IT0005127086,52297,EUR
DE0001102432,117134,EUR
NL0010721999,41589,EUR
IT0005367492,56307,EUR
FR0013404969,55742,EUR
IT0005083057,47435,EUR
DE0001135499,218143,EUR
ES00000128B8,1221,EUR
ES00000128O1,20808,EUR
ES00000124H4,58702,EUR
IT0000366655,11619,USD
IT0004923998,45239,USD
FR0013200813,31232,USD
DE0001135325,28707,USD
DE0001141778,28062,USD
IT0005345183,100898,USD
DE0001102358,93557,USD
DE0001102366,100255,USD
IT0005172322,31452,USD
IT0005135840,40249,USD
IT0005162828,42339,USD
DE0001135465,17704,USD
ES0000012F43,56556,USD
DE0001102374,48578,USD
DE0001141737,97689,USD
FR0013311016,57951,USD
NL0000102317,65972,USD
ES00000127Z9,28503,USD
NL0000102275,66211,USD
IT0004695075,30503,USD
DE0001135069,16813,USD
NL0010418810,60453,USD
ES00000126B2,25955,USD
ES00000128E2,20783,USD
IT0005323032,12876,USD
IT0005240350,35672,USD
BE0000332412,111524,GBP
IT0004634132,149966,GBP
AT0000A001X2,286461,GBP
IT0005240830,32929,GBP
NL0010733424,286461,GBP
NL0012650469,190822,GBP
DE0001135457,27271,GBP
BE0000334434,30298,GBP
DE0001102473,33002,GBP
DE0001102382,70629,GBP
DE0001141802,7311,GBP
DE0001135044,8372,GBP
IT0005210650,47895,GBP
IT0005086886,20032,GBP
IT0005371247,62259,GBP
NL0010060257,57435,GBP
NL0011896857,14618,GBP
BE0000308172,89485,GBP
ES0000012A97,157496,GBP
IT0005177909,36567,GBP
IT0005045270,20086,GBP
IT0005274805,11100,GBP
IT0005330961,22574,GBP
FR0013286192,18321,GBP
IT0005363111,28825,GBP
IT0005273013,9468,GBP
IE00B4TV0D44,11488,GBP
DE0001135143,30918,GBP
IT0005028003,15684,GBP
IT0005327306,6750,GBP
DE000A2AARZ5,9255,GBP
FR0013451507,9009,GBP
NL0012818504,43496,GBP
IT0005175598,33556,GBP
IT0005370306,26491,GBP
IT0005216491,65306,GBP
DE0001102424,19234,GBP
NL0009712470,58317,GBP
IT0005170839,9000,GBP
BE0000324336,8801,GBP
AT0000383864,7232,GBP
BE0000347568,12111,GBP
ES0000012B47,6960,GBP
DE0001104768,7788,GBP
PTOTETOE0012,7288,GBP
BE0000341504,12578,GBP
PTOTESOE0013,5833,GBP
AT0000A1K9C8,8453,GBP
PTOTE5OE0007,12157,GBP
IE00BV8C9418,122483,GBP
PTOTEVOE0018,28835,GBP
BE0000337460,30459,GBP
FR0000571085,11380,GBP
IE00BJ38CR43,9261,GBP
BE0000338476,10173,GBP
FR0013415627,8813,GBP
IT0005321325,6365,GBP
BE0000331406,9497,GBP
BE0000321308,8582,GBP
AT0000A1ZGE4,13390,GBP
AT0000A0U3T4,43085,GBP
NL0012171458,8808,GBP
ES0000012C46,10769,GBP
FR0012938116,9097,GBP
AT0000A185T1,26835,GBP
FR0013234333,9803,GBP
DE0001104750,9786,GBP
FR0013154028,18047,GBP
IT0001086567,9160,GBP
XS0807336077,7616,GBP
IT0005366007,8294,GBP
BE0000326356,22534,GBP
ES0000012E51,88757,GBP
IT0005358806,12618,GBP
DE0001102416,13736,GBP
XS0427291751,13580,GBP
DE0001135085,8089,GBP
IT0005325946,9035,GBP
AT0000A1VGK0,12858,GBP
PTOTEUOE0019,7024,GBP
FR0013313582,9163,GBP
IT0005094088,20990,GBP
ES00000128X2,7431,GBP
AT0000A0VRQ6,14377,GBP
IT0005217390,7189,GBP
IT0005282527,12029,GBP
IE00B6X95T99,8385,GBP
IE00BV8C9186,11071,GBP
DE000A2DAJ57,96487,GBP
DE0001141752,11272,GBP
DE0001104776,13032,GBP
BE0000346552,7061,GBP
BE0000345547,45257,GBP
BE0000335449,10152,GBP
DE0001134922,40829,GBP
IT0005246340,9670,GBP
AT0000A0DXC2,6356,GBP
AT0000A105W3,7931,GBP
XS0505157965,101264,GBP
EU000A1U9985,7774,GBP
AT0000A269M8,13486,GBP
AT0000A1PE50,85384.74382,USD
AT0000A1XML2,62972.85657,USD
EU000A1U9894,90499.68328,USD
ES00000128H5,72371.07941,USD
AT0000A0N9A0,97774.85878,USD
BE0000325341,89914.46335,USD
FI4000006176,51104.86866,USD
AT0000A0U299,71864.02984,USD
ES0000012A89,79067.21685,USD
IE00BDHDPR44,37074.17478,USD
NL0013332430,19777.9646,USD
BE0000336454,11710.45504,USD
PTOTEKOE0011,71767.59287,USD
BE0000340498,81223.50457,USD
DE0001141760,98740.73466,USD
PTOTEYOE0007,30296.20283,USD
XS0676294696,40638.03873,USD
NL0011819040,16977.89261,USD
XS0219724878,64133.92727,USD
PTOTEQOE0015,30448.91339,USD
EU000A1G0D70,46438.90947,USD
DE000A2DAR24,91903.50308,USD
PTOTEROE0014,23683.45398,USD
XS0918749622,29266.0349,USD
XS0942172296,17463.76469,USD
FI4000046545,29997.02411,USD
XS0832628423,22283.75546,USD
FI4000037635,89621.38552,USD
PTOTEWOE0017,76717.06726,USD
EU000A1G0D62,55330.2732,USD
IE00BV8C9B83,58823.50676,USD
EU000A1G0DR4,20394.8544,USD
IT0005215246,73950.49698,USD
XS1791485011,74993.39622,USD
EU000A1G0DD4,45403.66039,USD
EU000A1G0BP2,22162.31448,USD
PTOTEXOE0024,8699.455691,USD
FI4000047089,22759.3089,USD
EU000A1G0DT0,32449.33796,USD
DE000A1R0709,60845.09577,USD
FR0011333186,94232.64667,USD
IE00BJ38CQ36,44427.53363,USD
EU000A1GVVF8,37594.76356,USD
EU000A1G0EA8,66454.6707,USD
FR0012159812,12148.7378,USD
EU000A1G0DK9,96886.16055,USD
EU000A1G0BQ0,81880.97261,USD
AT0000A1K9F1,89713.05064,USD
EU000A1G0D05,15256.26921,USD
BE0000342510,17183.99773,USD
ES0000012E85,87511.72483,USD
EU000A1Z99H6,22774.29722,USD
FR0010915660,66027.06324,USD
BE0000343526,35284.77486,USD
EU000A1G0DB8,3013.377096,USD
DE000A1K0UG6,63560.68389,USD
EU000A1Z99A1,93555.00457,USD
BE0000348574,66397.73941,USD
BE0000339482,28811.88402,USD
XS1811023735,61722.16442,USD
XS1107247725,70035.76932,USD
XS1938387237,5019.527963,USD
FI4000079041,13856.83428,USD
FI4000219787,26421.2175,USD
DE000A2LQHV8,70636.41052,USD
DE000A2BPB50,76693.32818,USD
IE00BH3SQ895,65859.57197,USD
EU000A1G0DH5,43639.95296,USD
IT0005344335,56358.13795,USD
DE000A168Y22,76506.01861,USD
XS1068872925,54162.84164,USD
DE000A2LQSN2,610.8512112,USD
PTOTEBOE0020,66098.6307,USD
FI4000062625,40256.08918,USD
EU000A1GRVV3,22200.687,USD
ES0000012B62,14778.8608,USD
AT0000A10683,53386.56635,USD
BE0000344532,61447.48475,USD
XS1555331617,891.0231579,USD
FR0011037001,59346.15438,USD
XS1960248919,90687.17993,USD
XS0177618039,85790.36627,USD
XS1023039545,35521.4938,USD
DE000A14J1C8,92963.992,USD
EU000A1GY6W8,78022.76445,USD
FR0010347989,82253.58108,USD
XS1850111789,4282.470766,USD
FI4000306758,21811.87069,USD
DE000A2LQH10,30958.96441,USD
EU000A1G0D39,94754.73553,USD
EU000A1U9951,50698.80697,USD
FI4000167317,89087.90631,USD
DE000A2LQSJ0,8884.506362,USD
XS1756338551,89464.1603,USD
DE000A2LQSP7,65352.93758,USD
IE00BDHDPQ37,18723.43073,USD
FI4000242862,35743.2874,USD
DE000A2LQSS1,42275.19861,USD
XS1247736793,50537.77199,USD
IE00B4S3JD47,30018.29136,USD
FR0011192392,41551.57736,USD
SI0002103545,84529.49066,USD
EU000A1G0AT6,45387.84284,USD
XS0953222550,39905.00502,USD
XS0290050524,32953.51309,USD
XS0975634204,36717.83426,USD
XS1944327631,71093.0879,USD
EU000A1G0DE2,33926.18024,USD
XS1881014374,66358.7607,USD
DE000A2LQSH4,73512.84048,USD
FI4000020961,72472.35779,USD
XS1400169931,34629.31734,USD
DE000A2GSFA2,30038.99454,USD
FR0011417591,21364.85233,USD
DE000A2GSNR0,26632.61387,USD
XS1940071597,8272.018888,USD
EU000A1G0DC6,95525.25801,USD
SI0002103453,95864.17062,USD
XS1382792197,69369.1961,USD
EU000A1Z99D5,17068.88459,USD
XS1686550960,99980.34536,USD
EU000A1Z99E3,38726.62031,USD
DE000NRW0KF4,39829.03679,USD
FR0013235165,66456.05138,USD
FR0013431137,21338.37342,USD
DE000A2GSKL9,52962.14602,USD
EU000A1U9936,39241.7675,USD
FR0013296159,58521.01779,USD
XS1957349332,43881.66616,USD
XS0794399674,53920.187,USD
DE0001102481,20848.15586,USD
EU000A1G0AD0,70945.84906,USD
DE000A168Y48,61256.48697,USD
ES0371622020,50473.67488,USD
EU000A1U9803,83777.5997,USD
DE000A13R6X4,1205.314604,USD
FI4000148630,52472.81707,USD
EU000A1G0BC0,94512.1825,USD
ES0414950628,26795.86047,USD
ES0317046003,77048.57108,USD
EU000A1G0D96,69442.88515,USD
XS1458408561,17848.04575,USD
SK4120011636,63458.24593,USD
DE000A1K0SM8,55266.50516,USD
FI4000348727,3415.823837,USD
BE0000333428,14786.43222,USD
IE00BH3SQB22,91415.19799,USD
XS1588061777,8193.320281,USD
XS0599993622,2825.256348,USD
FR0012537124,45253.50526,USD
DE000A168Y55,36210.37766,USD
FR0013183167,45869.50987,USD
DE000A1RQCY2,65283.23838,USD
SK4120009762,2116.496096,USD
XS0849517650,77400.41406,USD
DE000A2GSNV2,67570.87793,USD
XS1290654513,80529.06633,USD
XS2015227494,90045.50577,USD
FR0013231081,86157.06854,USD
FR0013344181,46544.25537,USD
XS1967590180,69121.85452,USD
XS1612977717,52946.41811,USD
DE000A2DAR81,66190.01186,USD
EU000A1G0DW4,58160.51202,USD
DE000LB2CHW4,3157.306549,USD
XS1190973559,87616.55848,USD
DE000NRW0JJ8,50452.63724,USD
RU000A0ZZVE6,41266.01758,USD
FR0011654771,19304.91674,USD
DE000NWB17S6,44097.91418,USD
FR0011521319,69511.63467,USD
XS1747670922,78039.12961,USD
XS1394055872,99545.02104,USD
XS0755873253,88201.4975,USD
XS0543370430,747.7438405,USD
NL0011220108,93756.31139,USD
XS1280834992,25136.75812,USD
FR0011318658,16345.8552,USD
XS0525602339,48316.44043,USD
EU000A1ZE225,14593.69502,USD
XS1321466911,18392.50081,USD
FR0010758599,25629.21835,USD
FR0012332450,442.7498287,USD
XS1271698612,14767.73676,USD
DE000A14J9N8,98313.34073,USD
XS1576693110,40764.87738,USD
EU000A1Z99J2,66712.4013,USD
SI0002103776,18712.83248,USD
XS1753042743,99857.83204,USD
XS1564320080,96273.95376,USD
EU000A1G0A16,66351.8518,USD
FR0011319227,97356.44784,USD
XS1311586967,48185.35763,USD
EU000A1Z99B9,14291.13854,USD
EU000A19XC51,33576.81898,USD
DE000A2GSNW0,9796.512143,USD
ES0413790397,8622.738421,USD
EU000A1G0AJ7,96251.71039,USD
FI4000369467,94344.57775,USD
XS0410174659,26789.15151,USD
FI4000197959,69774.5998,USD
EU000A1G0DJ1,52110.18706,USD
EU000A19VVY6,86254.34105,USD
CH0343366842,12474.40304,USD
XS1839888754,18334.37995,USD
DE000NRW0LQ9,45721.3529,USD
IT0005273567,77521.37374,USD
XS1807469199,29239.72366,USD
EU000A1HBXS7,91428.07271,USD
XS1559352437,62336.41763,USD
FR0013162302,58385.41005,USD
FR0013412947,28837.42256,USD
FR0012467991,74026.63361,USD
EU000A1G0DN3,1602.463533,USD
DE000DL19T26,37216.30877,USD
IT0003685093,78893.64333,USD
FR0013113453,67720.14462,USD
XS1950839677,29095.49399,USD
XS1999841445,63992.35019,USD
BE0002482579,75058.07723,USD
XS1835983922,85772.17539,USD
AT0000A1XM92,19928.09731,USD
FR0013242302,55990.07692,USD
EU000A1G0BJ5,29845.54617,USD
DE000NWB17Q0,94993.76739,USD
FR0013365491,8872.416613,USD
FR0011538222,35661.70691,USD
XS1072438366,45106.72278,USD
XS1606720131,9354.715757,USD
SI0002103487,91371.04417,USD
XS1227247191,22654.62588,USD
XS0878008225,13091.69149,USD
IE00BFZRQ242,86487.79928,USD
SI0002103685,31407.18626,USD
XS1172951508,59524.51796,USD
FR0013368545,67238.74499,USD
XS1130139667,2080.358198,USD
XS1476654238,76069.08989,USD
EU000A1G0DM5,20160.11865,USD
SK4120012691,44346.9948,USD
SK4120009044,71007.66061,USD
AT0000A1PEF7,63179.50362,USD
EU000A1U9811,78120.25764,USD
FR0013408960,7907.882504,USD
XS1603892149,73832.50089,USD
XS1823623878,44316.81226,USD
XS0826531120,39308.20744,USD
ES0000101651,60187.0851,USD
XS0544644957,18410.02553,USD
XS0933540527,30556.01962,USD
EU000A1U9902,15498.52001,USD
XS1166023777,89808.38745,USD
FR0013344686,24623.60048,USD
EU000A1G0ED2,24827.06981,USD
BE6285457519,8687.721575,USD
XS0775914277,71803.29284,USD
LU0945626439,37310.05038,USD
DE000A11QER4,13434.03841,USD
XS0617307375,41405.90407,USD
XS1605365193,43086.62607,USD
XS0250729109,51423.65042,USD
XS2104967695,99032.40767,USD
EU000A1G0DY0,61092.85914,USD
XS1805257265,83826.17086,USD
XS1877595444,38562.48033,USD
XS1044744032,84740.6771,USD
DE000HV2ARM0,6558.027691,USD
XS0728783373,12453.60985,USD
DK0009525404,60419.6067,USD
EU000A1G0DL7,38195.23794,USD
SK4120007543,76600.85428,USD
XS1968706876,42226.89337,USD
EU000A1G6TV9,52221.89138,USD
DE000NRW0KE7,66034.97399,USD
DE000A188WW1,44681.90054,USD
SK4120012220,50460.37917,USD
XS0524471355,75433.06022,USD
CH0409606354,25446.06386,USD
FI4000242870,16189.36513,USD
XS1443997819,52917.45827,USD
XS1629658755,36482.4339,USD
XS1807430811,51725.44538,USD
XS1379610675,57922.43694,USD
DE000A2GSE59,28520.82164,USD
XS1348774644,59935.96804,USD
ES0413860547,75450.61519,USD
XS1858912915,22350.62439,USD
BE6285455497,82756.77253,USD
XS2017471553,28514.63135,USD
DE000A1RQCP0,18352.49959,USD
EU000A1G0BN7,37910.8236,USD
FR0013220902,68501.7166,USD
XS1105680703,16125.20322,USD
XS1637099026,64393.78467,USD
FR0013399110,98974.80926,USD
XS1897129950,63783.11756,USD
XS1678372472,1826.236065,USD
AT0000A28KX7,22563.00042,USD
XS1942615607,96606.74726,USD
DE000NRW0KZ2,2966.44066,USD
DE000CZ40MW3,78632.24106,USD
XS1130066175,45828.98248,USD
XS1935275237,2104.391018,USD
IT0005199465,77595.34549,USD
XS1882681619,60152.39177,USD
XS0542825160,7932.969766,USD
DE000A2TSTS8,69577.61612,USD
DE000A2TSTU4,47332.58729,USD
XS1960678099,30966.22621,USD
XS1939355753,80896.22685,USD
EU000A1G0EC4,41084.91866,USD
XS2057069762,15853.00183,USD
FR0013213675,20348.93618,USD
FR0124175367,90287.1278,USD
XS1550140674,67028.51353,USD
XS1910948329,40842.07593,USD
XS1382784509,13851.82965,USD
FR0011356997,14740.0269,USD
DE000NRW0KV1,95772.99577,USD
XS0368361217,480.0378519,USD
AT0000A1FAP5,96593.81804,USD
SI0002103677,45414.61891,USD
XS1146282634,87812.58738,USD
XS0884635524,84345.47105,USD
XS0606704558,29867.16572,USD
XS0541140793,17875.87794,USD
SK4120008871,7032.221231,USD
SK4120013400,95849.59689,USD
IT0005135725,13904.25543,USD
NL0013552060,69348.3998,USD
DE000HV2AGL5,20068.65269,USD
FR0013252228,42015.3355,USD
XS1799939027,61592.87492,USD
XS1313004928,14967.76579,USD
FR0013365293,74403.84322,USD
XS2014292937,40050.60817,USD
XS1039826422,49972.96025,USD
XS1190624202,2308.973938,USD
XS1268430201,24871.98052,USD
EU000A1G0BL1,35336.71684,USD
XS1388864503,79244.11558,USD
ES0000101818,56054.62012,USD
DE000A12T4B4,80827.51301,USD
ES0440609248,36621.91604,USD
XS0255800285,78059.5697,USD
XS2024716099,11509.77384,USD
DE000NWB18M7,23996.90677,USD
XS1551306951,99825.99478,USD
XS1637276848,5334.20663,USD
FR0000471930,17466.84963,USD
FR0011755156,21252.17617,USD
EU000A1U9977,52755.36718,USD
XS1789751531,51141.52331,USD
DE000A1RQCJ3,86037.67726,USD
DE000A1YCQA8,49770.53865,USD
FR0013324357,85921.73316,USD
DE000NRW0LM8,68426.61214,USD
XS1135277140,677.8190835,USD
FR0012146801,81143.70205,USD
FR0013368602,90915.06709,USD
FR0010913178,8900.086655,USD
XS1961772560,15440.0888,USD
IT0004872328,79912.71867,USD
XS1028953989,69014.87069,USD
IT0005383309,60926.90839,USD
XS1346201889,52508.14994,USD
XS1107718279,27054.59456,USD
FR0013409612,27498.72816,USD
FR0013246873,75192.75774,USD
DE000A11QP00,88568.42548,USD
XS1201001572,51217.46283,USD
IT0005386245,53170.54507,USD
XS1014018045,25619.27905,USD
XS1403619411,76144.17002,USD
FR0011530492,12847.51876,USD
XS1075371986,69085.59607,USD
XS0969368934,10958.71929,USD
XS1917601582,27723.69168,USD
XS1589881785,54136.1119,USD
DE000NRW0CN5,7936.42209,USD
DE000NRW0J22,35675.40711,USD
DE000A1R07S9,86024.2206,USD
XS0596704170,2526.743929,USD
XS1190624111,18540.69558,USD
EU000A1G4DN5,31277.45225,USD
FR0011022094,89613.9197,USD
FR0011470764,25288.46167,USD
XS1936100483,43209.5056,USD
EU000A1G0AB4,51786.04944,USD
FR0013332012,88205.99675,USD
XS1402921412,79903.48404,USD
XS1785795763,10081.53391,USD
FR0013245586,1537.745579,USD
ES0440609339,64040.33745,USD
DE000A1R06T9,71857.04744,USD
XS1694219780,13900.77677,USD
XS1139315581,97870.47846,USD
XS1557095616,31713.58547,USD
XS1190974011,88310.97403,USD
FR0011075167,6189.650484,USD
XS1861206636,22492.59191,USD
FR0011182641,4806.333908,USD
DE000A2TR208,34193.60318,USD
EU000A1Z99F0,20975.66992,USD
FR0013348802,4331.273526,USD
FR0011108976,69675.24706,USD
XS0300113254,11137.75192,USD
IT0005339210,67981.45263,USD
DE000A2NBGG9,62233.81404,USD
FR0013251170,29539.2743,USD
DE000RLP0942,13470.02897,USD
ES0371622046,85491.67069,USD
DE000NWB0519,39393.41851,USD
XS1111559685,41302.4785,USD
FR0013365269,82946.75145,USD
IT0005246407,20573.64293,USD
XS1614416193,78672.75996,USD
XS1344751968,69277.67698,USD
FR0013254273,31557.67264,USD
XS1947578321,87918.26732,USD
DE000NRW0F67,44580.33,USD
DE000A1RQC93,95623.54998,USD
DE000A14JYZ4,58040.80568,USD
DE000A168015,78172.17742,USD
DE000NWB17G1,99091.87675,USD
XS1578294081,56923.32396,USD
XS1799611642,78281.29834,USD
XS1897340854,81776.40367,USD
XS1218821756,98026.39339,USD
XS1989383788,65091.36379,USD
XS1548773982,74934.66267,USD
DE000A2GSLV6,85184.52711,USD
DE000NRW0KB3,64567.65364,USD
XS1771838494,8745.765903,USD
DE000DB5DCS4,4054.929516,USD
XS1169595698,45324.56561,USD
XS1077882394,45644.45832,USD
DE000CZ40MU7,27562.22436,USD
DE000A2RWAX4,500.7667797,USD
DE000A1YCQK7,14327.93872,USD
FR0013201134,56419.9508,USD
ES0440609313,45237.18164,USD
DE000NWB0584,32945.10272,USD
XS1506398244,47301.30626,USD
EU000A1G0DV6,15926.4365,USD
IT0005140030,26745.657,USD
XS1708335978,40090.05522,USD
XS1843434876,27147.92693,USD
FR0013310059,26161.52092,USD
XS1234370127,64962.42788,USD
FR0013405537,10442.45626,USD
XS1951092144,46245.74175,USD
DE000A2LQ5H4,32761.86838,USD
DE000CZ40L63,93625.51237,USD
XS1028941117,16920.3676,USD
EU000A1Z6630,95668.92006,USD
XS1951084638,19127.24558,USD
DE000A13R9M1,17868.26091,USD
NL0013019375,34525.28494,USD
ES0413307101,53548.87743,USD
ES0000101693,79902.61965,USD
XS1751004232,5951.576201,USD
FR0013310026,438.0995214,USD
XS1238901166,89645.06723,USD
XS1172947902,98582.56975,USD
XS1692347526,4602.875907,USD
XS1629866432,36896.95324,USD
ES0378641320,44464.95223,USD
XS1072571364,5696.755305,USD
ES0413790439,84364.98824,USD
DE000CZ40NG4,26508.42745,USD
XS1881004730,64921.06414,USD
XS1716946717,61941.00273,USD
CH0483180946,53315.34123,USD
EU000A1G0DQ6,75144.64158,USD
XS1612940558,97839.94875,USD
XS1751347946,89018.62859,USD
FR0013394681,82516.93643,USD
XS1755086607,48110.04869,USD
XS1575991358,96121.47571,USD
DE000NRW0LN6,38458.97667,USD
DE000A11QTG5,42385.65826,USD
FR0013255858,3529.720278,USD
XS1750083229,13888.05078,USD
DE000A13SL59,64235.53752,USD
XS1071847245,47556.65726,USD
DE000A2BPJZ8,45280.95085,USD
XS1312042648,86514.22704,USD
FR0010033381,15417.90198,USD
FR0011213453,56774.72271,USD
DE000A1680J6,76587.26118,USD
DE000NWB17F3,65898.92544,USD
XS1943456829,69233.10234,USD
XS0951216083,81943.41342,USD
XS1967582831,46712.48898,USD
XS1909061597,2236.542715,USD
ES0378641288,18868.68495,USD
XS1368543135,88812.04995,USD
FR0013219573,54899.56928,USD
IT0005215147,63335.39814,USD
BE0002272418,95441.68647,USD
XS1547374212,60493.99461,USD
XS1576220484,31712.13338,USD
FR0013142809,84696.30835,USD
DE000A2TR026,37463.24283,USD
DE000A2RYD83,44380.23775,USD
DE000A1ZZ010,35088.95373,USD
XS1265805090,63375.14719,USD
XS1793271716,70931.37573,USD
XS1112184715,9910.341628,USD
XS1989375503,68646.42726,USD
XS1527753187,42922.46569,USD
XS1228148158,12746.59045,USD
XS1825405878,87783.77894,USD
FR0012688208,5528.055913,USD
FR0013173358,71794.04158,USD
XS1368576572,73923.97151,USD
XS0755239471,90526.42073,USD
XS0985666436,92903.30891,USD
XS1856833543,14494.54418,USD
FR0011580588,42168.44907,USD
DE000NRW0JF6,46592.87502,USD
DE000RLP0736,22048.43659,USD
XS1917947613,41965.84617,USD
XS1223216497,71776.14029,USD
XS1536786939,91800.62529,USD
XS1183208328,62336.3089,USD
DE000A2TSTT6,54237.31157,USD
XS1492825051,91503.72101,USD
FR0013396496,64421.07252,USD
XS1575979148,34052.37491,USD
FR0013232105,26086.93581,USD
DE000HV2AMD0,85631.59367,USD
DE000NRW0KS7,43362.64661,USD
XS1521637113,66204.30028,USD
XS1933829324,40758.1359,USD
EU000A1Z99G8,77107.65075,USD
XS1435031270,43934.06571,USD
FR0000487225,49726.05732,USD
XS1980044728,83797.23751,USD
FR0013463551,42299.37939,USD
XS1991125896,7682.187657,USD
XS2004366287,33276.55356,USD
XS1859010685,93744.96224,USD
XS1711173218,84664.37754,USD
XS1456455572,14953.96425,USD
FR0013358116,29583.02318,USD
XS1502438820,50657.82827,USD
XS2068071641,89306.29983,USD
DE000CZ45VC5,97526.71681,USD
FR0013476090,86804.92585,USD
XS1934743656,27062.90271,USD
FR0013422052,89770.5484,USD
ES0413211071,66020.00295,USD
XS2078532913,52447.56693,USD
XS2023643146,141.6284434,USD
XS1112850125,19197.44824,USD
SI0002103842,12034.39844,USD
XS1195202822,65518.51244,USD
XS1463043973,25851.70955,USD
XS1050547857,14378.30351,USD
SK4120014150,11676.53813,USD
ES0312342019,30894.0106,USD
XS2025466413,4719.756695,USD
XS0847433561,3220.30718,USD
XS1991265478,59627.9611,USD
BE6285454482,99243.1061,USD
EU000A1GVJX6,21000.08239,USD
XS1824248626,26041.16312,USD
IT0005142952,74622.79601,USD
XS1457608286,81988.40608,USD
IT0003621460,60631.26358,USD
XS0637846725,1696.190244,USD
SK4120011420,46441.72172,USD
XS1672151492,61081.64642,USD
SK4120015173,94044.81195,USD
XS1432493440,90731.77963,USD
DE0001040947,84276.89581,USD
EU000A1ZR7H3,22036.13178,USD
DE000A2DAR65,79348.50238,USD
XS1960678412,69536.91562,USD
XS0502286908,21733.31672,USD
XS1034975406,64084.91819,USD
XS1428088626,65344.39017,USD
XS1936308391,65981.62939,USD
XS0746010908,57838.16103,USD
DE000SHFM527,18757.64702,USD
XS2024543055,22223.48561,USD
XS1576838376,22990.52527,USD
XS2012546714,78139.25135,USD
XS1048519679,26864.78247,USD
EU000A1G30R0,42110.22445,USD
EU000A1G0EB6,90324.0821,USD
XS1346228577,83832.59037,USD
DE000A2AAPM7,20109.59599,USD
XS1720922175,78983.08627,USD
FR0011697028,8557.154969,USD
XS0304159576,78499.90258,USD
FR0013396363,36117.01582,USD
XS0307792159,67072.51983,USD
ES0334699008,29616.3943,USD
XS1948612905,40617.75465,USD
XS1612542826,15033.95974,USD
DE000A2DAR40,1706.810433,USD
XS0970852348,4964.287063,USD
IE00BFZRPZ02,42409.02735,USD
XS1420357318,35455.89285,USD
XS1880870602,84687.24777,USD
XS1691349796,44542.47021,USD
DE000A2TSB40,5625.992914,USD
XS1361554584,34602.29498,USD
XS1366786983,88208.0231,USD
XS0936339208,79715.30358,USD
XS1548444816,78815.08788,USD
XS0417209052,20181.40053,USD
XS0909359332,70290.9177,USD
ES0349045007,65209.68559,USD
DE000A0KAV21,22662.3902,USD
XS1557095459,17064.26982,USD
XS1749378342,66242.32809,USD
XS1509006208,61632.8552,USD
FR0012317758,6522.083648,USD
XS1573958409,30051.59018,USD
XS1376627441,82355.26632,USD
XS2082324364,71359.84116,USD
XS2021471433,18976.31809,USD
DE000CZ40LW5,40492.23628,USD
XS1015428821,74042.65807,USD
XS1301052202,33812.68164,USD
XS1799061558,59560.41924,USD
BE6285452460,85797.03533,USD
XS0750894577,10743.63012,USD
FR0010775486,39675.97683,USD
XS1071713470,75958.58976,USD
ES0000101644,26099.07244,USD
XS1654192274,88393.02078,USD
XS0866310088,12977.53434,USD
XS0706229555,91957.86792,USD
XS1769041192,85245.92721,USD
XS1548458014,47357.5536,USD
XS1079726334,79993.45544,USD
FR0012236669,97884.22622,USD
XS0883560715,10782.88102,USD
DE000BLB6JB7,74203.0081,USD
XS1190632999,97663.05865,USD
XS1874127902,28390.75223,USD
DE000DL19US6,46148.84745,USD
XS1394791492,77824.25489,USD
IT0004760341,59119.14463,USD
XS1948611840,58724.77178,USD
XS1060350326,56585.20393,USD
FR0010762039,6334.559867,USD
FR0011462746,93966.56619,USD
XS0953580981,47323.08225,USD
FR0013312501,88670.75333,USD
FR0013216926,41170.94832,USD
XS1084942470,86982.88041,USD
XS1760409042,47693.45747,USD
XS1617845083,27749.04413,USD
SI0002103602,55060.38699,USD
XS2022179159,92125.43084,USD
XS1755428502,99248.67505,USD
XS1917590876,30606.00225,USD
XS1111312523,39158.0816,USD
XS1362349943,72629.18552,USD
FR0013398070,92428.12394,USD
XS1602547264,9084.140153,USD
XS1936139770,23502.29822,USD
XS1815135352,59519.43921,USD
FR0013330693,22932.92716,USD
XS0595092098,80687.87512,USD
XS1907120528,74862.26884,USD
FR0011053255,64263.17008,USD
XS1867412006,30271.64586,USD
DE000A2GSCW3,65274.87539,USD
XS0935034651,57372.33242,USD
XS0946693834,58992.34317,USD
ES0371622012,52737.85324,USD
EU000A18Z2D4,22546.93836,USD
XS1784071042,64764.0219,USD
XS1982834282,634.1076138,USD
FR0013256369,54922.20399,USD
DE000A1RQB11,74843.99284,USD
ES0312298054,14908.00896,USD
FR0013417334,84663.63399,USD
DE000A1R01Z7,95249.26317,USD
DE000A2GSCX1,20508.80323,USD
FR0013358843,7477.913964,USD
XS1139091372,64841.21951,USD
XS1840618059,90814.90762,USD
XS1796079488,61161.73997,USD
XS1382693452,98293.65028,USD
DE0002760980,19719.92017,USD
XS1945130620,2159.37144,USD
BE0002586643,55277.26644,USD
XS1944390241,74119.50305,USD
XS1619643015,47084.10966,USD
DE000A1RE1W1,73282.38109,USD
DE000A2G8V17,73601.46203,USD
XS0858366684,22867.07179,USD
XS1617533275,59799.69867,USD
XS1392159825,40663.01376,USD
PTCPEJOM0004,66943.97942,USD
XS1874122770,80569.84599,USD
XS1398476793,67152.31347,USD
DE000A2NB9R0,85787.87779,USD
XS1105954256,78611.63199,USD
XS1287779208,32330.3467,USD
DE000A2AAL31,46066.96441,USD
EU000A1G1Q17,71961.09652,USD
XS1044811591,4132.743901,USD
XS1693853944,29019.79304,USD
DE000NRW0E68,80784.73988,USD
XS1748236699,90333.02186,USD
ES0413900368,84663.65737,USD
XS1790990474,73701.79809,USD
IT0005364663,15633.59977,USD
XS0856976682,2049.36993,USD
FR0013284072,57522.85951,USD
XS1208855616,87687.94775,USD
XS1189263400,46062.23127,USD
FR0013213295,52290.42836,USD
XS1843449395,875.5090811,USD
FR0013336286,51556.42557,USD
DE000A2GSM83,96149.21256,USD
XS1325825211,49026.04544,USD
FR0013383346,45869.21018,USD
EU000A1G0D88,35599.7693,USD
XS1974394675,28205.11099,USD
DE000NRW0JQ3,74329.18409,USD
DE000A2YNZW8,62185.52286,USD
XS1410582586,65263.15799,USD
XS1551045039,30681.03287,USD
FR0013128584,61576.85389,USD
FR0013320611,14877.07111,USD
XS0999296006,73553.85621,USD
XS1811812145,61620.99517,USD
XS1942618023,64974.66209,USD
XS2013678086,65585.13168,USD
XS1166201035,19766.23057,USD
FR0013421799,31598.66943,USD
XS1974787480,76594.28862,USD
XS1960260021,65985.84457,USD
XS1143163183,12031.429,USD
EU000A1U9944,10909.39436,USD
XS1890084061,37036.87075,USD
XS1980270810,56461.16884,USD
FR0013214137,15663.73946,USD
XS1392927072,60292.05352,USD
XS1290850707,80427.18646,USD
AN8068571086,8702.841847,EUR
BMG169621056,3888.888732,EUR
BMG6359F1032,9895.370909,EUR
CA04878Q8636,5349.406937,EUR
CH0048265513,598.3433615,EUR
IE00B8KQN827,7643.49092,EUR
LR0008862868,3423.68424,EUR
MHY2106R1100,7572.616246,EUR
MHY2187A1432,2552.759222,EUR
US0009571003,6367.318614,EUR
US00130H1059,181.9738803,EUR
US0015471081,3451.002803,EUR
US00206R1023,8132.310471,EUR
US0038301067,468.5450609,EUR
US0091581068,2535.103195,EUR
US0092071010,5578.845397,EUR
US0116591092,5537.471161,EUR
US0138721065,3840.283018,EUR
US0144911049,2309.021131,EUR
US01748X1028,7334.826712,EUR
US0185223007,8444.849123,EUR
US0188021085,870.3684876,EUR
US02079K1079,6811.598132,EUR
US02079K3059,3425.704384,EUR
US0231351067,5552.303174,EUR
US0236081024,6457.27092,EUR
US02361E1082,1448.404004,EUR
US02376R1023,6576.039701,EUR
US0255371017,9262.320613,EUR
US0298991011,2559.55702,EUR
US0325111070,7667.258522,EUR
US03674X1063,5394.582852,EUR
US0374111054,6969.019114,EUR
US0378331005,4033.989513,EUR
US0382221051,7973.551429,EUR
US03834A1034,9047.660256,EUR
US03836W1036,501.1955576,EUR
US0393804077,9327.385982,EUR
US0394831020,9049.693676,EUR
US03990B1017,8585.835409,EUR
US0491642056,8399.705739,EUR
US05351W1036,8431.00466,EUR
US05379B1070,5801.363787,EUR
US0605051046,7824.106989,EUR
US0846701086,9505.696539,EUR
US0846707026,9125.646642,EUR
US0905722072,6179.90212,EUR
US09062X1037,2822.087377,EUR
US0921131092,5288.146527,EUR
US09247X1019,3512.814591,EUR
US09739D1000,9101.517244,EUR
US0977934001,3038.778642,EUR
US1101221083,7846.82959,EUR
US1258961002,4059.986871,EUR
US12653C1080,4262.170582,EUR
US1270971039,1763.837375,EUR
US13057Q2066,4651.663298,EUR
US13123X1028,3855.399273,EUR
US14067D4097,2408.736129,EUR
US1423391002,5663.961249,EUR
US1445771033,1316.531481,EUR
US14575E1055,232.7966844,EUR
US1474481041,2259.730399,EUR
US1491231015,9092.54114,EUR
US15136A1025,9770.723446,EUR
US1651671075,6328.310503,EUR
US1667641005,4004.914046,EUR
US1717981013,6270.03092,EUR
US1729674242,28.64370453,EUR
US18539C1053,9536.575508,EUR
US18539C2044,8881.518348,EUR
US1858991011,8609.359406,EUR
US2057683029,9121.691923,EUR
US20605P1012,1925.442152,EUR
US20825C1045,3823.549678,EUR
US2091151041,9342.011483,EUR
US21075N2045,2068.866687,EUR
US2120151012,3465.876578,EUR
US21241B1008,8645.931474,EUR
US22160K1051,625.2828258,EUR
US2227951066,2523.039049,EUR
US22282E1029,2188.903301,EUR
US2333311072,4151.975368,EUR
US2441991054,7814.545171,EUR
US24665A1034,3660.64412,EUR
US2473617023,1506.69082,EUR
US25179M1036,1785.160996,EUR
US25278X1090,9645.446022,EUR
US25746U1097,5508.960815,EUR
US2575592033,1511.976817,EUR
US2578672006,1487.663813,EUR
US26078J1007,4847.627007,EUR
US26441C2044,9833.230016,EUR
US26875P1012,5927.669798,EUR
US2687851020,5668.849944,EUR
US26884L1098,4497.918845,EUR
US26969P1084,7875.630081,EUR
US2774321002,1005.130017,EUR
US2774614067,5813.416678,EUR
US2786421030,9913.873284,EUR
US2810201077,9463.420139,EUR
US2836778546,4308.907798,EUR
US29275Y1029,9969.446712,EUR
US29359T1025,1420.368394,EUR
US29364G1031,6360.448689,EUR
US30034W1062,272.2748926,EUR
US30040W1080,8036.650299,EUR
US30068N1054,8094.051065,EUR
US30161N1019,4533.873081,EUR
US30231G1022,2520.565426,EUR
US31428X1063,5543.058547,EUR
US3364331070,411.998949,EUR
US3379321074,9565.455351,EUR
US3434121022,6123.179604,EUR
US3453708600,6672.036612,EUR
US35671D8570,5027.599628,EUR
US3614481030,1722.066876,EUR
US3695501086,3657.645989,EUR
US3696041033,3067.710028,EUR
US3703341046,595.1744161,EUR
US37045V1008,1770.064173,EUR
US3773161043,4537.233658,EUR
US3824108431,85.07407546,EUR
US3848021040,6286.224502,EUR
US3873281071,5219.646716,EUR
US3886891015,7918.847243,EUR
US4026353049,4644.642477,EUR
US40434L1052,1438.806519,EUR
US40609P1057,1042.775842,EUR
US4062161017,371.9444247,EUR
US4198701009,9713.95279,EUR
US4198791018,495.7945877,EUR
US4208772016,3475.557993,EUR
US42330P1075,3528.02754,EUR
US42809H1077,803.7170506,EUR
US4361061082,2517.649467,EUR
US4470111075,7203.681933,EUR
US4571871023,1961.718785,EUR
US4581401001,3438.775538,EUR
US4651414066,5292.580922,EUR
US4771431016,8669.061079,EUR
US48019R3066,3707.727189,EUR
US5327461043,1792.727476,EUR
US5352191093,7587.640723,EUR
US53601P3047,5221.326189,EUR
US55277P1049,1642.073264,EUR
US5719032022,4954.76656,EUR
US5764852050,5276.750655,EUR
US57686G1058,1524.548795,EUR
US58933Y1055,8905.09019,EUR
US6174464486,2712.151912,EUR
US6267171022,3524.503775,EUR
US6293775085,4445.326302,EUR
US6293778881,6677.14769,EUR
US6295791031,3190.057379,EUR
US6361801011,2719.810275,EUR
US63934E1082,9314.229229,EUR
US6400791090,3029.785573,EUR
US6460251068,3047.685895,EUR
US6512901082,5240.861795,EUR
US65339F1012,3522.629097,EUR
US65473P1057,3157.13994,EUR
US6550441058,7876.371842,EUR
US6558441084,258.1478525,EUR
US6655311099,345.3196575,EUR
US6680743050,6433.458539,EUR
US6703461052,4886.799872,EUR
US6708371033,9276.105739,EUR
US6742151086,2539.039903,EUR
US6745991058,4730.494678,EUR
US6762201068,2811.956838,EUR
US68162K1060,6177.656788,EUR
US6866881021,777.1792231,EUR
US6896481032,1338.365688,EUR
US69327R1014,2613.028718,EUR
US69331C1080,6510.050645,EUR
US69349H1077,5878.066741,EUR
US6935061076,8840.65442,EUR
US69351T1060,2864.064634,EUR
US6951561090,8831.684603,EUR
US7018771029,4093.540135,EUR
US70338P1003,771.2547802,EUR
US7045511000,6247.44268,EUR
US70532Y3036,2115.150523,EUR
US70788V1026,6503.421728,EUR
US7170811035,9773.325292,EUR
US7234841010,8019.561422,EUR
US7237871071,1202.540106,EUR
US7365088472,1536.058253,EUR
US7445731067,6536.203747,EUR
US7473011093,2194.299112,EUR
US74733V1008,3309.419847,EUR
US74762E1029,9796.126063,EUR
US75134P3038,6499.482569,EUR
US75281A1097,493.868418,EUR
US75508B1044,610.2981136,EUR
US7595091023,9429.970647,EUR
US7607591002,9952.680467,EUR
US76117W1099,2483.361824,EUR
US76680V1089,6030.744546,EUR
US7773851057,1849.441451,EUR
US78440X1019,2520.523919,EUR
US78454L1008,7322.736344,EUR
US78470V1089,5742.428785,EUR
US80007P8692,150.7769091,EUR
US8086251076,4367.567256,EUR
US8168511090,1602.470914,EUR
US8308791024,2609.04529,EUR
US8354951027,1674.494447,EUR
US8425871071,9244.516015,EUR
US8447411088,2796.488722,EUR
US8454671095,3705.716935,EUR
US8485771021,7278.42009,EUR
US8581191009,2808.996558,EUR
US86614U1007,4564.291118,EUR
US86722A1034,1270.919778,EUR
US8676524064,4489.447307,EUR
US87161C5013,1927.6088,EUR
US8718291078,9149.84333,EUR
US87484T1088,3126.407004,EUR
US87612E1064,92.88339445,EUR
US87612G1013,123.384871,EUR
US87876P2011,8409.121248,EUR
US87968A1043,5219.468443,EUR
US8803491054,6082.083261,EUR
US88104R2094,1092.749188,EUR
US88160R1014,9540.4898,EUR
US88162F1057,9708.140859,EUR
US88579Y1010,904.5142878,EUR
US9024941034,2167.156405,EUR
US9092181091,6967.402322,EUR
US9100471096,589.172074,EUR
US9111631035,5495.244247,EUR
US9113121068,3172.777176,EUR
US9129091081,6203.671854,EUR
US9130171096,4219.88539,EUR
US91851C2017,6663.634593,EUR
US91913Y1001,9093.203247,EUR
US92240G1013,1824.099619,EUR
US92531L2079,9294.197935,EUR
US92840M1027,8656.715824,EUR
US9291601097,5931.114921,EUR
US92922P1066,6350.550261,EUR
US92939U1060,98.23491974,EUR
US93627C1018,2948.806432,EUR
US94106L1098,5379.412325,EUR
US9418481035,6552.530925,EUR
US9497461015,7089.731388,EUR
US9553061055,6258.082047,EUR
US9621661043,2815.471834,EUR
US9663874090,9314.859949,EUR
US96812T1025,216.0213086,EUR
US98212B1035,7812.995727,EUR
US98389B1008,1934.059444,EUR
AN8068571086,7627.26978,EUR
IE00B8KQN827,3201.126743,EUR
LR0008862868,9463.277259,EUR
US00130H1059,1251.230731,EUR
US00206R1023,576.0357428,EUR
US0091581068,6827.807382,EUR
US0116591092,8664.846441,EUR
US0188021085,8468.478232,EUR
US02079K1079,5880.026373,EUR
US02079K3059,3366.77618,EUR
US0231351067,5017.930921,EUR
US0236081024,4419.890229,EUR
US02376R1023,3453.531925,EUR
US0255371017,7785.544345,EUR
US0325111070,8109.108317,EUR
US0374111054,987.3856132,EUR
US0378331005,4760.352153,EUR
US0382221051,1892.107132,EUR
US0394831020,9845.563997,EUR
US0605051046,1170.017692,EUR
US0846701086,7100.418746,EUR
US0846707026,3761.077492,EUR
US09062X1037,1974.530301,EUR
US09247X1019,7218.781324,EUR
US1101221083,3334.796431,EUR
US1258961002,9756.869932,EUR
US1270971039,7155.805345,EUR
US1491231015,6131.645112,EUR
US1667641005,4202.828544,EUR
US1717981013,1154.298999,EUR
US1729674242,1712.040423,EUR
US20605P1012,693.9778193,EUR
US20825C1045,5466.112353,EUR
US2091151041,6699.068223,EUR
US22160K1051,3696.978658,EUR
US2333311072,4769.485234,EUR
US2441991054,6052.511388,EUR
US2473617023,1471.564784,EUR
US25179M1036,8516.023803,EUR
US25278X1090,4563.010541,EUR
US25746U1097,5065.628901,EUR
US26078J1007,4908.179934,EUR
US26441C2044,5781.726649,EUR
US26875P1012,5513.151383,EUR
US2774321002,7737.932577,EUR
US2786421030,3840.134112,EUR
US2810201077,5727.300461,EUR
US29364G1031,3322.51595,EUR
US30034W1062,678.9782462,EUR
US30040W1080,2065.39183,EUR
US30161N1019,190.0225231,EUR
US30231G1022,2899.078943,EUR
US31428X1063,7244.200763,EUR
US3379321074,8114.831463,EUR
US3434121022,6159.748154,EUR
US3453708600,811.7723327,EUR
US35671D8570,9369.79135,EUR
US3695501086,3668.516201,EUR
US3696041033,1212.957098,EUR
US3703341046,5625.451678,EUR
US37045V1008,8562.404687,EUR
US3848021040,6993.585436,EUR
US40434L1052,7884.537602,EUR
US4062161017,4725.51001,EUR
US42809H1077,6154.414033,EUR
US4361061082,5280.894388,EUR
US4581401001,254.0752529,EUR
US5719032022,782.6576262,EUR
US58933Y1055,704.7458218,EUR
US6174464486,4925.424955,EUR
US6293775085,7041.638925,EUR
US6293778881,1652.490536,EUR
US6512901082,5674.276937,EUR
US65339F1012,6264.971012,EUR
US65473P1057,4926.212949,EUR
US6550441058,8303.512479,EUR
US6558441084,9047.32898,EUR
US6703461052,4992.558777,EUR
US6745991058,9542.865635,EUR
US69331C1080,883.5057164,EUR
US6935061076,3721.30216,EUR
US69351T1060,3266.573969,EUR
US6951561090,7912.789791,EUR
US7170811035,8846.606302,EUR
US7234841010,8205.200304,EUR
US7237871071,7859.698671,EUR
US7445731067,2534.764311,EUR
US74762E1029,239.2674445,EUR
US7607591002,9378.436497,EUR
US78440X1019,7193.327562,EUR
US8168511090,9212.232268,EUR
US8425871071,1988.00239,EUR
US8447411088,4204.861259,EUR
US8718291078,2476.558272,EUR
US87612E1064,5783.161925,EUR
US88579Y1010,6548.274338,EUR
US9024941034,875.8804587,EUR
US9100471096,6538.080901,EUR
US9113121068,4475.530351,EUR
US9130171096,6525.748349,EUR
US91913Y1001,7751.021246,EUR
US9291601097,9180.174119,EUR
US92939U1060,6071.835795,EUR
US94106L1098,9039.718658,EUR
US9418481035,4218.73413,EUR
US9497461015,700.4282331,EUR
US9621661043,3190.015817,EUR
US98389B1008,9768.245828,EUR
AEA003001012,9725.878311,EUR
AED000701014,3506.159362,EUR
AEDFXA0M6V00,4955.676741,EUR
AT000000STR1,991.2305332,EUR
AT0000644505,5867.144792,EUR
AT0000741053,6494.94042,EUR
AT0000743059,7570.118718,EUR
AT0000746409,6810.756943,EUR
AT0000937503,8840.28116,EUR
AU000000ABC7,6891.622856,EUR
AU000000AGL7,6458.340859,EUR
AU000000ALQ6,2020.659946,EUR
AU000000AST5,948.9314772,EUR
AU000000BHP4,1992.567146,EUR
AU000000BPT9,6477.031332,EUR
AU000000BSL0,16.70324485,EUR
AU000000DOW2,1577.51424,EUR
AU000000EPW7,7409.859983,EUR
AU000000FMG4,7016.981258,EUR
AU000000IPL1,9785.53393,EUR
AU000000KAR6,355.9550896,EUR
AU000000MIN4,2968.07735,EUR
AU000000MQG1,8285.969478,EUR
AU000000NCM7,2079.159085,EUR
AU000000NST8,4579.640742,EUR
AU000000ORG5,5425.906883,USD
AU000000QAN2,6310.066548,USD
AU000000RIO1,3195.878405,USD
AU000000S320,4617.971932,USD
AU000000SOL3,2749.216514,USD
AU000000STO6,5844.507352,USD
AU000000SVW5,7269.501773,USD
AU000000SXY7,4224.322474,USD
AU000000WES1,3918.222697,USD
AU000000WHC8,6182.492978,USD
AU000000WPL2,561.8521965,USD
AU0000AGKCD7,2779.932479,USD
AU0000AGLCD5,9015.847729,USD
AU0000ORGCD3,350.6588207,USD
BE0003470755,5569.112272,USD
BE0003763779,6604.593321,USD
BE0003764785,7506.045392,USD
BE0003816338,8914.351366,USD
BE0974271034,4546.320591,USD
BE0974294267,9480.631549,USD
BMG1368B1028,5190.849563,USD
BMG1371C1212,2896.630224,USD
BMG202981087,2802.5882,USD
BMG2161E1113,751.1282286,USD
BMG2345T1099,8211.99362,USD
BMG2519Y1084,8585.121483,USD
BMG3775G1380,1443.64123,USD
BMG6542T1505,8656.303257,USD
BMG668971101,6641.673634,USD
BMG684371393,1362.173606,USD
BMG8184U1154,3703.059038,USD
BMG850801025,9368.080963,USD
BMG9231L1081,9445.348897,USD
BRALUPCDAM15,8105.818635,USD
BRAZULACNPR4,3794.391836,USD
BRBRDTACNOR1,5446.13282,USD
BRBRKMACNPA4,499.8851671,USD
BRCAMLACNOR3,9835.847465,USD
BRCMIGACNOR6,3834.855887,USD
BRCMIGACNPR3,8109.801576,USD
BRCPLEACNOR8,3008.06025,USD
BRCPLEACNPB9,9551.249148,USD
BRCSANACNOR6,3600.604169,USD
BRCSNAACNOR6,4197.408144,USD
BREGIEACNOR9,4603.754171,USD
BRELETACNOR6,7332.891605,USD
BRELETACNPB7,7458.566087,USD
BRENBRACNOR2,8307.643346,USD
BRENGICDAM16,308.9064108,USD
BREQTLACNOR0,5903.719663,USD
BRGGBRACNPR8,2601.910178,USD
BRGOLLACNPR4,3673.327836,USD
BRKLBNACNPR9,5023.495125,USD
BRKLBNCDAM18,3964.572443,USD
BRLIGTACNOR2,7547.122852,USD
BRMAGGACNOR4,7303.922935,USD
BRMRFGACNOR0,5523.016133,USD
BRPETRACNOR9,9378.024826,USD
BRPETRACNPR6,513.9739138,USD
BRSANBCDAM13,5710.644318,USD
BRSMTOACNOR3,1379.486834,USD
BRSUZBACNOR0,9523.805803,USD
BRTIETCDAM15,3272.638106,USD
BRUSIMACNPA6,2227.972151,USD
BRVALEACNOR0,8690.098887,USD
BRVIVTACNPR7,5969.230681,USD
CA00208D4084,7036.255356,USD
CA0084741085,8043.25242,USD
CA0089118776,8366.486408,USD
CA0158571053,6802.236578,USD
CA0213611001,8742.735983,USD
CA0467894006,8209.790701,USD
CA0679011084,6986.242044,USD
CA07317Q1054,384.0432247,USD
CA0906971035,2843.732998,USD
CA1125851040,2906.985878,USD
CA11777Q2099,7205.520144,USD
CA1363851017,5347.75512,USD
CA1366351098,1199.762024,USD
CA1367178326,1579.525561,USD
CA1375761048,1451.965812,USD
CA14042M1023,7149.679788,USD
CA1469001053,8426.139014,USD
CA15135U1093,2703.836607,USD
CA22576C1014,6579.469021,USD
CA2908761018,5735.380809,USD
CA2925051047,4363.585991,USD
CA29250N1050,4895.042896,USD
CA2927661025,9353.275664,USD
CA3495531079,3748.450788,USD
CA4480551031,9983.799915,USD
CA4509131088,7288.952009,USD
CA4530384086,5423.049474,USD
CA45790B1040,3845.079478,USD
CA45833V1094,6740.946318,USD
CA5527041084,5279.577137,USD
CA56501R1064,1209.205792,USD
CA59151K1084,9929.385866,USD
CA6665111002,2773.134152,USD
CA67072Q1046,3065.573184,USD
CA67077M1086,8990.853241,USD
CA6744821043,5555.922789,USD
CA6993202069,3684.302414,USD
CA69946Q1046,1468.743632,USD
CA7063271034,6753.192835,USD
CA78460T1057,6140.0571,USD
CA8672241079,2115.07749,USD
CA8678421063,3942.687779,USD
CA8787422044,9407.696501,USD
CA8908953034,6146.398847,USD
CA8934631091,8628.324319,USD
CA89346D1078,1397.183973,USD
CA89353D1078,6149.23001,USD
CA89353D4049,3823.791499,USD
CA89353D5038,8638.363428,USD
CA89353D8677,1145.691825,USD
CA89353D8834,2214.828361,USD
CA9237251058,883.0602948,USD
CH0005795668,2234.886863,USD
CH0008038389,2182.071108,USD
CH0012214059,8095.442452,USD
CH0012221716,9592.495025,USD
CH0024608827,8739.547366,USD
CH0034389707,7068.951655,USD
CH0130293662,6555.010007,USD
CL0000000423,9566.737738,USD
CL0001583070,6058.157649,USD
CL0001880955,3877.967996,USD
CL0002266774,7028.377751,USD
CLP1663V1009,5665.141893,USD
CLP3615W1037,468.1126927,USD
CLP371861061,582.8954733,USD
CLP7847L1080,2909.636343,USD
CNE0000002M3,4002.801876,USD
CNE000000HL8,1387.532351,USD
CNE000000HW5,6505.541049,USD
CNE000000J85,4892.445901,USD
CNE000000JD1,9796.466713,USD
CNE000000K58,2441.658504,USD
CNE000000N14,943.058955,USD
CNE000000WP8,9194.585236,USD
CNE0000014P1,4743.249334,USD
CNE1000001T8,7810.84673,USD
CNE100000296,5443.159586,USD
CNE1000002J7,5718.412319,USD
CNE1000002N9,5323.622733,USD
CNE1000002P4,14.59582371,USD
CNE1000002R0,4048.134649,USD
CNE1000002T6,5031.546615,USD
CNE1000002W0,4300.027196,USD
CNE100000304,6415.442915,USD
CNE100000312,2121.883338,USD
CNE100000338,7016.650708,USD
CNE1000003C0,7561.080111,USD
CNE1000003D8,2104.836025,USD
CNE100000437,1119.351048,USD
CNE1000004L9,7884.545764,USD
CNE1000004Q8,4514.803336,USD
CNE100000528,4322.00614,USD
CNE100000536,6539.092591,USD
CNE100000F20,47.96523272,USD
CNE100000HD4,3133.735033,USD
CNE100000PP1,3028.509342,USD
CNE100000Q35,2998.021126,USD
CNE100000TW9,7090.00051,USD
CNE100000WS1,967.2666194,USD
CNE100001336,1130.015632,USD
CNE100001F60,8468.635844,USD
CNE100001NP4,4902.942828,USD
CNE100001QS1,2655.334083,USD
CNE100001T80,1418.247875,USD
CNE100001TJ4,4665.260828,USD
COC04PA00016,4734.948867,USD
CZ0005112300,6027.458478,USD
DE0005190003,4715.147614,USD
DE0005190037,3076.402701,USD
DE0005194062,8404.593388,USD
DE0006047004,3893.640785,USD
DE0006202005,96.14056915,USD
DE0007037129,9052.201939,USD
DE0007037145,4818.770719,USD
DE0007100000,9815.454627,USD
DE0007236101,7008.01554,USD
DE0007314007,9648.054969,USD
DE0007500001,5843.625601,USD
DE0007664005,3142.354484,USD
DE0007664039,8068.5017,USD
DE0008232125,5081.747563,USD
DE0008404005,8588.702432,USD
DE000A0D6554,1584.368082,USD
DE000A0DJ6J9,456.0499448,USD
DE000A2AADD2,9857.510614,USD
DE000A2LQ2L3,7998.375474,USD
DE000BASF111,8172.752841,USD
DE000BAY0017,6489.596209,USD
DE000ENAG999,6505.159152,USD
DE000EVNK013,4547.694947,USD
DE000HLAG475,3235.979708,USD
DE000TUAG000,3140.683783,USD
DE000UNSE018,3515.172782,USD
DE000WCH8881,4699.432765,USD
DK0010244425,780.4450069,USD
DK0010244508,9002.157891,USD
DK0010268606,6446.389277,USD
DK0010311471,6132.515173,USD
DK0060083210,8448.784094,USD
DK0060094928,6041.965291,USD
DK0060655629,336.5289352,USD
EGS3G0Z1C014,5139.822053,USD
EGS95001C011,5110.621313,USD
ES0105046009,8768.560905,USD
ES0105130001,5467.076624,USD
ES0105630315,6992.897499,USD
ES0113900J37,533.1231351,USD
ES0116870314,232.6634365,USD
ES0122060314,4808.271155,USD
ES0125220311,1485.186415,USD
ES0127797019,3464.795903,USD
ES0130625512,8465.131669,USD
ES0130670112,5173.994063,USD
ES0132105018,5417.681595,USD
ES0143416115,3056.576242,USD
ES0144580Y14,8980.286112,USD
ES0167050915,3909.368343,USD
ES0168561019,7847.894215,USD
ES0171996087,2762.877329,USD
ES0171996095,5240.866006,USD
ES0173516115,5887.606179,USD
ES0177542018,7576.051977,USD
ES0178430E18,3405.115688,USD
EST01PA00013,7164.368007,USD
FI0009002422,5283.776264,USD
FI0009003230,9615.959768,USD
FI0009004824,9801.427584,USD
FI0009005961,2190.121768,USD
FI0009005987,1265.644355,USD
FI0009007132,9071.44114,USD
FI0009013296,5358.633948,USD
FR0000031122,3814.856149,USD
FR0000031775,6712.723434,USD
FR0000044448,2745.002654,USD
FR0000051070,7717.225126,USD
FR0000060402,8145.766431,USD
FR0000120073,5109.266306,USD
FR0000120271,4130.284756,USD
FR0000120354,4959.712924,USD
FR0000120503,6706.78374,USD
FR0000121501,3801.413262,USD
FR0000121972,1720.456408,USD
FR0000124141,2182.407758,USD
FR0000125346,2617.760759,USD
FR0000125486,1855.978307,USD
FR0000130452,5377.69719,USD
FR0000131104,3072.343907,USD
FR0000131757,384.7924097,USD
FR0000131906,1098.236183,USD
FR0000206138,7207.796903,USD
FR0006174348,2176.359359,USD
FR0010208488,8717.345965,USD
FR0010242511,7905.172299,USD
FR0010613471,8510.956225,USD
FR0012757854,4295.388281,USD
FR0013326246,908.4635314,USD
GB0000456144,5920.924094,USD
GB0000961622,9473.91841,USD
GB0001500809,1492.659752,USD
GB0002374006,7801.450309,USD
GB0007099541,9621.070001,USD
GB0007188757,2663.564087,USD
GB0007594764,8979.843908,USD
GB0007908733,263.2972897,USD
GB0007980591,8746.641734,USD
GB0008847096,6089.868098,USD
GB0031215220,4117.642004,USD
GB00B033F229,7534.178033,USD
GB00B03HDJ73,6523.031005,USD
GB00B03MLX29,4396.022597,USD
GB00B03MM408,5103.4713,USD
GB00B0H2K534,6947.776108,USD
GB00B0HZPV38,308.2528727,USD
GB00B10RZP78,7307.825782,USD
GB00B18V8630,4392.517671,USD
GB00B1CRLC47,9873.5308,USD
GB00B1VYCH82,3307.143573,USD
GB00B1XZS820,5970.448346,USD
GB00B1YW4409,4395.324531,USD
GB00B24CT194,9872.793691,USD
GB00B39J2M42,2114.461702,USD
GB00B43G0577,2202.92318,USD
GB00B572ZV91,3549.966883,USD
GB00B5N0P849,7008.86657,USD
GB00B63H8491,5734.06482,USD
GB00B71N6K86,8124.988689,USD
GB00B74CDH82,6188.836755,USD
GB00B7KR2P84,7307.019445,USD
GB00B83VD954,4374.687917,USD
GB00BDR05C01,9631.003598,USD
GB00BGP6Q951,4551.374758,USD
GB00BH0P3Z91,6332.335868,USD
GB00BK1PTB77,1504.127452,USD
GB00BVC3CB83,5977.504622,USD
GB00BYZWX769,3151.186101,USD
GB00BZ4BQC70,6699.629586,USD
GRS074083007,4089.473678,USD
GRS191213008,8809.525741,USD
GRS426003000,5906.704617,USD
GRS434003000,2247.757361,USD
GRS495003006,8240.282475,USD
GRS496003005,6697.55925,USD
HK0000051067,5571.535143,USD
HK0002007356,6368.622362,USD
HK0006000050,2907.55821,USD
HK0017000149,1406.957499,USD
HK0257001336,5555.086383,USD
HK0267001375,7664.69096,USD
HK0270001396,150.1955247,USD
HK0293001514,2230.453027,USD
HK0388045442,1353.58696,USD
HK0392044647,8273.114742,USD
HK0639031506,8563.939738,USD
HK0656038673,6217.958507,USD
HK0836012952,6749.524285,USD
HK0883013259,7878.447151,USD
HK2380027329,281.692117,USD
HU0000153937,3113.088356,USD
ID1000099906,9811.175174,USD
ID1000106701,2372.160145,USD
ID1000106800,4178.217864,USD
ID1000111305,9578.671334,USD
ID1000111602,3083.918763,USD
IE0001827041,1172.367678,USD
IE0004927939,2064.106965,USD
IE00B1RR8406,7695.867551,USD
IL0003900136,9845.202778,USD
IL0005830133,3791.078679,USD
IL0006430156,541.8810139,USD
IL0010819428,4929.904066,USD
IL0010841281,6057.434272,USD
IN9155A01020,5521.765079,USD
INE001B01026,5581.241046,USD
INE002A01018,9330.867092,USD
INE012A01025,4071.915094,USD
INE017A01032,9702.709152,USD
INE018A01030,597.2105978,USD
INE019A01038,2365.470164,USD
INE020B01018,3966.911326,USD
INE029A01011,9204.273486,USD
INE034A01011,4874.222888,USD
INE036A01016,5998.548703,USD
INE038A01020,4018.724081,USD
INE040H01021,953.3465621,USD
INE043D01016,7464.518482,USD
INE047A01021,968.1092015,USD
INE070A01015,6301.054544,USD
INE079A01024,4955.19969,USD
INE081A01012,5609.769719,USD
INE087H01022,6616.969718,USD
INE092A01019,2813.313176,USD
INE094A01015,4771.972023,USD
INE101A01026,504.3177877,USD
INE103A01014,1347.474749,USD
INE114A01011,3818.62703,USD
INE119A01028,4789.359971,USD
INE121E01018,4271.801787,USD
INE129A01019,6094.021625,USD
INE131A01031,9814.170946,USD
INE139A01034,3842.478024,USD
INE154A01025,6618.282173,USD
INE155A01022,8391.519659,USD
INE175A01038,6604.995974,USD
INE200M01013,8576.549724,USD
INE205A01025,2318.722517,USD
INE208A01029,8983.983276,USD
INE213A01029,1231.574949,USD
INE217B01036,3759.964058,USD
INE233A01035,6873.93023,USD
INE235A01022,4299.957172,USD
INE242A01010,2823.463963,USD
INE245A01021,6790.717106,USD
INE246F01010,5852.538421,USD
INE257A01026,729.354938,USD
INE263A01024,101.4306922,USD
INE267A01025,9448.661606,USD
INE274J01014,3457.236084,USD
INE290B01025,5356.514736,USD
INE306A01021,2338.156959,USD
INE323A01026,4965.452525,USD
INE324A01024,9244.634829,USD
INE326A01037,6358.546405,USD
INE331A01037,5564.790318,USD
INE347G01014,351.6409042,USD
INE364U01010,8004.803893,USD
INE371A01025,6759.762879,USD
INE383A01012,7142.015972,USD
INE387A01021,4086.733007,USD
INE399K01017,8887.431059,USD
INE423A01024,3978.609462,USD
INE438A01022,8760.906234,USD
INE455F01025,2457.432084,USD
INE465A01025,2587.944644,USD
INE481G01011,5992.128607,USD
INE486A01013,8272.046028,USD
INE522F01014,9608.582926,USD
INE538A01037,9639.777681,USD
INE545A01016,6724.396385,USD
INE584A01023,8644.993449,USD
INE585B01010,8199.187594,USD
INE614G01033,7096.638672,USD
INE646L01027,3346.910104,USD
INE647A01010,4311.5063,USD
INE660A01013,437.5781336,USD
INE721A01013,9620.535515,USD
INE733E01010,8115.579392,USD
INE749A01030,1641.224674,USD
INE776C01039,1326.342205,USD
INE787D01026,8229.646501,USD
INE802G01018,4248.854467,USD
INE813H01021,3068.655485,USD
INE814H01011,2729.349835,USD
INE844O01022,4325.23232,USD
INE848E01016,822.5232615,USD
INE854D01024,3520.819314,USD
INE877F01012,1108.347572,USD
INE883A01011,106.7344295,USD
INE917I01010,182.5222894,USD
IT0000433307,5426.317168,USD
IT0001157020,5387.496062,USD
IT0001207098,7183.685528,USD
IT0001233417,3534.046697,USD
IT0001250932,7026.779577,USD
IT0001347308,9779.48288,USD
IT0001369427,4543.698453,USD
IT0003027817,810.9485119,USD
IT0003126783,9747.093538,USD
IT0003128367,4338.9603,USD
IT0003132476,5510.649366,USD
IT0003865570,9154.945841,USD
IT0005239360,1345.438497,USD
IT0005252140,4477.153043,USD
JE00B4T3BW64,7583.883897,USD
JE00BN574F90,1265.922511,USD
JP3103600007,6933.560962,USD
JP3110500000,8745.493361,USD
JP3111200006,3052.238013,USD
JP3112000009,5289.187322,USD
JP3130830007,4400.34891,USD
JP3131200002,3759.566732,USD
JP3131430005,5507.030507,USD
JP3134800006,3809.377283,USD
JP3137200006,4249.493148,USD
JP3142500002,4696.507342,USD
JP3143600009,3668.182647,USD
JP3144000001,6797.437354,USD
JP3148800000,7397.575833,USD
JP3158800007,7549.325311,USD
JP3166000004,1698.516698,USD
JP3174410005,5898.055407,USD
JP3180400008,9759.869736,USD
JP3184600009,3004.039996,USD
JP3190000004,7775.730646,USD
JP3194700005,3996.385412,USD
JP3200450009,5643.775032,USD
JP3205800000,87.17905848,USD
JP3217100001,1112.380475,USD
JP3223800008,5284.512763,USD
JP3224200000,4736.942225,USD
JP3225500002,6129.040026,USD
JP3228600007,5907.155328,USD
JP3246400000,4219.377499,USD
JP3247050002,9582.508045,USD
JP3247400009,2265.515264,USD
JP3249600002,954.508814,USD
JP3254200003,9865.909879,USD
JP3263000006,6162.932442,USD
JP3268800004,9105.282604,USD
JP3269600007,5377.162692,USD
JP3275200008,1265.729202,USD
JP3289800009,6638.185577,USD
JP3294460005,5557.080192,USD
JP3298000005,9508.485281,USD
JP3303400000,9512.848177,USD
JP3305530002,5011.627768,USD
JP3307800007,3768.924508,USD
JP3309000002,8646.180453,USD
JP3311600005,2739.204834,USD
JP3332510001,9807.909618,USD
JP3350800003,7158.104846,USD
JP3351150002,8021.557374,USD
JP3356500003,8379.109511,USD
JP3358800005,1967.470347,USD
JP3362700001,526.6560654,USD
JP3366800005,9867.038775,USD
JP3368000000,2951.578447,USD
JP3381000003,7944.550476,USD
JP3385000009,234.9006117,USD
JP3385820000,3531.696126,USD
JP3386030005,9015.251975,USD
JP3386450005,373.0367315,USD
JP3388200002,2918.861731,USD
JP3397200001,3566.71381,USD
JP3400900001,3499.212694,USD
JP3401400001,3296.324944,USD
JP3402600005,5503.571095,USD
JP3404600003,7615.511004,USD
JP3405400007,5964.099489,USD
JP3407400005,7422.844307,USD
JP3409800004,6443.030276,USD
JP3420600003,2072.442237,USD
JP3421100003,9563.012444,USD
JP3424950008,1548.19301,USD
JP3429800000,3258.605429,USD
JP3440400004,9589.412624,USD
JP3449020001,5609.519954,USD
JP3457900003,9973.623504,USD
JP3460800000,7386.471101,USD
JP3485800001,6258.798322,USD
JP3486000007,8415.267041,USD
JP3491000000,6452.935222,USD
JP3496400007,9179.988541,USD
JP3497800007,8353.912364,USD
JP3499800005,255.8141348,USD
JP3502200003,5179.356674,USD
JP3505000004,8331.532697,USD
JP3522200009,9698.96497,USD
JP3524000001,3193.855902,USD
JP3526600006,5044.96855,USD
JP3528600004,6500.485825,USD
JP3548600000,6154.038577,USD
JP3549600009,4185.485853,USD
JP3551200003,4194.402692,USD
JP3552230009,3817.861524,USD
JP3556800005,5034.088829,USD
JP3560000006,2886.193521,USD
JP3573000001,3115.783256,USD
JP3584600005,8919.442676,USD
JP3585800000,5972.423823,USD
JP3595200001,9670.841193,USD
JP3600200004,9479.220044,USD
JP3605400005,2273.422839,USD
JP3607800004,2959.200383,USD
JP3621000003,5092.563401,USD
JP3625000009,2756.63127,USD
JP3627000007,7361.026219,USD
JP3633400001,9360.105599,USD
JP3635000007,8086.763715,USD
JP3638600001,3064.144656,USD
JP3646400006,7795.321961,USD
JP3661950000,3786.237724,USD
JP3663900003,9353.082806,USD
JP3667600005,2780.506098,USD
JP3672400003,5923.604321,USD
JP3674400001,575.96037,USD
JP3678800008,7609.847921,USD
JP3681000000,8626.714977,USD
JP3694000005,5995.19486,USD
JP3700200003,4926.18067,USD
JP3715200006,4084.49275,USD
JP3721600009,4556.342097,USD
JP3742600004,8027.419143,USD
JP3752600001,4740.384007,USD
JP3753000003,1558.500416,USD
JP3783600004,4240.972826,USD
JP3786200000,5505.116223,USD
JP3788600009,7658.654475,USD
JP3789000001,2537.693563,USD
JP3802060008,3214.532376,USD
JP3813200007,2052.210067,USD
JP3814800003,1176.98433,USD
JP3820000002,2400.759714,USD
JP3826270005,3267.198357,USD
JP3841800000,9579.16696,USD
JP3845400005,7619.60902,USD
JP3847000001,5619.045956,USD
JP3850200001,5154.162174,USD
JP3854600008,6384.660193,USD
JP3861200008,8942.028135,USD
JP3866800000,8914.228571,USD
JP3868400007,351.6152197,USD
JP3877600001,9976.888933,USD
JP3888300005,5698.607547,USD
JP3889200006,5624.432746,USD
JP3889610006,235.2537495,USD
JP3891600003,7522.520273,USD
JP3893200000,5991.403089,USD
JP3893600001,6438.03898,USD
JP3894000003,6387.133025,USD
JP3896800004,4925.458356,USD
JP3897700005,7231.66594,USD
JP3898400001,7127.953739,USD
JP3899800001,4636.478417,USD
JP3900000005,7941.32688,USD
JP3901200000,8941.110373,USD
JP3902000003,201.2409154,USD
JP3902200009,6802.625232,USD
JP3902400005,4370.041149,USD
JP3902900004,5419.863613,USD
JP3903000002,623.8304881,USD
JP3914400001,8854.465948,USD
JP3940400009,598.7038353,USD
JP3981200003,8249.798845,USD
JP3981400009,2536.299653,USD
JP3993900004,3889.564002,USD
KR7000070003,9159.275673,USD
KR7000071001,5923.155457,USD
KR7000210005,2596.770193,USD
KR7000211003,4267.766382,USD
KR7000720003,3137.152261,USD
KR7000880005,9361.407322,USD
KR7001120005,6558.068045,USD
KR7001230002,1447.30054,USD
KR7001430008,2081.160684,USD
KR7002320000,6076.255696,USD
KR7003490000,3469.947257,USD
KR7003550001,2385.20922,USD
KR7003551009,7235.557628,USD
KR7004020004,2540.840729,USD
KR7004690004,8922.013645,USD
KR7004800009,9321.62239,USD
KR7005380001,2818.303215,USD
KR7005381009,5824.109285,USD
KR7005382007,1822.848597,USD
KR7005383005,1210.120806,USD
KR7005490008,1945.119509,USD
KR7005880000,7992.003494,USD
KR7006040000,2093.310863,USD
KR7006260004,3555.865296,USD
KR7006840003,199.5735499,USD
KR7009540006,8728.885033,USD
KR7009830001,875.7839945,USD
KR7010060002,8997.488908,USD
KR7011170008,7528.510199,USD
KR7011200003,7545.697142,USD
KR7011210002,1409.334934,USD
KR7011760006,5719.586789,USD
KR7015760002,2110.42717,USD
KR7028260008,5429.10123,USD
KR7028670008,3762.882266,USD
KR7034020008,8759.015197,USD
KR7034730002,2121.307814,USD
KR7036460004,2653.762372,USD
KR7044490001,1083.704051,USD
KR7047040001,5404.380651,USD
KR7047050000,8960.876352,USD
KR7078930005,7606.41759,USD
KR7078931003,2226.020161,USD
KR7086280005,3077.770088,USD
KR7088350004,5621.300003,USD
KR7096770003,3719.556931,USD
KR7096771001,1422.813906,USD
KR7145990008,9474.838403,USD
KYG183221004,2071.198793,USD
KYG2118N1079,261.2985187,USD
KYG217651051,4287.542652,USD
KYG3774X1088,6942.245033,USD
KYG3777B1032,9447.972388,USD
KYG9721M1033,5763.281901,USD
KYG9829N1025,7168.37215,USD
LU0156801721,3435.723821,USD
LU1598757687,5022.341521,USD
MU0117U00026,7808.966979,USD
MX01AE010005,6912.776598,USD
MX01AL0C0004,9474.524239,USD
MX01EL080005,1587.935311,USD
MX01IE060002,893.3455194,USD
MX01VO000009,667.4240832,USD
MXP000511016,2743.328702,USD
MXP225611567,5534.442264,USD
MXP370841019,1158.303531,USD
MXP461181085,8375.438914,USD
MXP554091415,7312.24105,USD
MYL3182OO002,6287.864774,USD
MYL3336OO004,14.29710642,USD
MYL3816OO005,3625.048225,USD
MYL4677OO000,4864.057546,USD
MYL5014OO005,3607.413382,USD
MYL5218OO002,4252.17142,USD
MYL5238OO000,8351.032856,USD
MYL5264OO006,2294.021192,USD
MYL5347OO009,3295.019998,USD
MYL6033OO004,3963.350806,USD
MYL6742OO000,910.9916095,USD
MYL7277OO006,8492.220909,USD
NL0000852580,1169.021453,USD
NL0010545661,7944.013166,USD
NL0010877643,8827.257935,USD
NL0011540547,3399.923194,USD
NL0011585146,7979.954158,USD
NL0012756316,8941.432167,USD
NO0003921009,2569.036379,USD
NO0005052605,3911.683525,USD
NO0005806802,6537.845142,USD
NO0010096985,9099.158517,USD
NO0010196140,6320.887568,USD
NO0010208051,4001.679186,USD
NO0010234552,8368.444679,USD
NO0010571680,1596.53447,USD
NZAIRE0001S2,1764.301243,USD
NZCENE0001S6,6326.043291,USD
NZGNEE0001S7,9127.56923,USD
NZIFTE0003S3,6611.103616,USD
NZMELE0002S7,9174.542907,USD
NZMRPE0001S2,98.95864098,USD
PAI69PA00017,5627.954693,USD
PG0008579883,7950.335029,USD
PHY0001Z1040,5166.27817,USD
PHY0005M1090,1562.944483,USD
PHY1234G1032,2644.95969,USD
PHY2088F1004,9378.14086,USD
PHY2518H1143,7867.554045,USD
PHY444251177,64.14075289,USD
PHY5764J1483,8170.710124,USD
PHY6885F1067,1064.979016,USD
PHY7628G1124,2811.857964,USD
PHY8076N1120,8143.196244,USD
PHY9297P1004,4654.851073,USD
PK0005501017,6415.202907,USD
PK0012101017,8282.061356,USD
PK0052401012,3653.788193,USD
PK0071501016,1534.258817,USD
PK0074501013,4774.71385,USD
PK0080201012,5135.822813,USD
PK0081801018,203.8582819,USD
PK0083101011,4601.852508,USD
PLENEA000013,5415.412268,USD
PLJSW0000015,3866.903966,USD
PLLOTOS00025,2192.333824,USD
PLLWBGD00016,4549.90104,USD
PLPGER000010,5282.670033,USD
PLPKN0000018,1041.325726,USD
PLTAURN00011,3561.132749,USD
PLZATRM00012,6629.856106,USD
PTEDP0AM0009,3469.464913,USD
PTGAL0AM0009,3488.944418,USD
QA0006929812,6466.341219,USD
QA0007227695,5927.731527,USD
QA000A0KD6L1,5024.375563,USD
RU0006944147,5144.448874,USD
RU0007252813,9449.962885,USD
RU0007288411,2173.176035,USD
RU0007661625,7539.641731,USD
RU0008926258,7931.605806,USD
RU0008958863,7380.857004,USD
RU0009024277,1391.289899,USD
RU0009029524,3915.977085,USD
RU0009033591,5988.257721,USD
RU0009046452,8617.123602,USD
RU0009046510,3249.286639,USD
RU0009062285,2009.499036,USD
RU0009084396,35.36349751,USD
RU000A0B6NK6,2665.552953,USD
RU000A0DKVS5,3690.213622,USD
RU000A0DKXV5,4566.578615,USD
RU000A0DQZE3,8576.926039,USD
RU000A0F5UN3,1443.618842,USD
RU000A0J2Q06,1197.991951,USD
RU000A0JNGA5,6505.288547,USD
RU000A0JNUD0,1136.131901,USD
RU000A0JPKH7,6328.597101,USD
RU000A0JPNM1,1119.117794,USD
RU000A0JPV70,2045.886194,USD
RU000A0JPVJ0,3604.823038,USD
SE0000113250,6461.154448,USD
SE0000825820,8438.566282,USD
SE0003366871,7166.904434,USD
SE0007074844,9525.115513,USD
SE0011090018,2413.124067,USD
SG1J47889782,7008.944441,USD
SG1R50925390,3108.145769,USD
SG1T56930848,3346.235139,USD
SG1U68934629,5783.8286,USD
SG1V61937297,9159.423502,USD
TH0003010R12,5522.932596,USD
TH0003010Z04,7203.816831,USD
TH0021010Z06,4455.919368,USD
TH0148A10Z06,7603.461914,USD
TH0212010Z01,4872.204559,USD
TH0245010002,2826.454471,USD
TH0363010Z02,4014.910893,USD
TH0438010Z02,5959.485894,USD
TH0465010005,9418.516959,USD
TH0637010008,8918.407973,USD
TH0637010R17,1799.358312,USD
TH0646010Z00,8751.501623,USD
TH0834010009,7411.408508,USD
TH3545010003,2443.857436,USD
TH4403010002,7946.788219,USD
TH6488010005,7284.454867,USD
TH7462010003,5945.566993,USD
TRAAKENR91L9,8531.381539,USD
TRAAKSAW91E1,1165.687377,USD
TRAALARK91Q0,8193.641374,USD
TRADOHOL91Q8,5825.697152,USD
TRAEREGL91G3,7874.991925,USD
TRAKCHOL91Q8,1587.612142,USD
TRAKRDMA91G3,6451.396561,USD
TRAKRDMR91G7,2085.864999,USD
TRAPETKM91E0,6259.939637,USD
TRASAHOL91Q5,3118.954238,USD
TRATHYAO91M5,2464.030692,USD
TRAZOREN91L8,1821.303722,USD
TREAKSN00011,6775.79598,USD
TREENKA00011,9810.468451,USD
TREENSA00014,6670.931221,USD
TREISDC00020,1818.638052,USD
TREPEGS00016,5033.682501,USD
TW0001101004,9672.742601,USD
TW0001102002,4994.825178,USD
TW0001104008,5472.97193,USD
TW0001216000,6318.307455,USD
TW0001301000,2642.132593,USD
TW0001326007,4311.16661,USD
TW0001504009,2208.618086,USD
TW0001605004,6535.881637,USD
TW0001904001,2652.133073,USD
TW0001909000,8872.90957,USD
TW0002002003,2034.832508,USD
TW0002015005,6860.699024,USD
TW0002023009,3383.703309,USD
TW0002204005,6063.077022,USD
TW0002308004,4682.474345,USD
TW0002395001,6591.519384,USD
TW0002406006,495.102363,USD
TW0002409000,2176.418329,USD
TW0002603008,2361.463327,USD
TW0002605003,4189.365862,USD
TW0002606001,3054.24271,USD
TW0002609005,1014.50805,USD
TW0002610003,3062.41292,USD
TW0002615002,5530.864083,USD
TW0002618006,316.7671358,USD
TW0003576005,8892.425026,USD
TW0003691002,3577.327313,USD
TW0005009005,7512.493925,USD
TW0006244007,7872.556895,USD
TW0006505001,2841.057146,USD
TW0008926007,7643.876898,USD
TW0009904003,3123.592319,USD
US0022551073,1402.949522,USD
US01609W1027,1053.887372,USD
US1055321053,4131.897007,USD
US1512908898,2244.172998,USD
US15234Q1085,439.5446073,USD
US15234Q2075,9208.165133,USD
US2044096012,6224.640861,USD
US20440W1053,3778.052726,USD
US20441B4077,8066.990661,USD
US2791581091,2270.513017,USD
US29274F1049,8974.105479,USD
US29278D1054,6747.235459,USD
US3682872078,7973.014242,USD
US3737371050,5050.240347,USD
US38045R2067,4739.708241,USD
US38500T1016,8248.008981,USD
US48122U2042,6041.899364,USD
US5006311063,5171.02904,USD
US55315J1025,6217.538767,USD
US6511911082,6797.211227,USD
US6698881090,225.7003067,USD
US67011E2046,4756.417912,USD
US67812M2070,4743.096846,USD
US69343P1057,9606.224952,USD
US6934831099,9209.452611,USD
US71654V1017,8306.949518,USD
US71654V4086,3363.10527,USD
US7596734035,6647.005904,USD
US8181503025,383.3691941,USD
US8688612048,3277.999894,USD
US8765685024,7168.794919,USD
US8766292051,1300.709333,USD
US87936R1068,5971.970633,USD
US8793822086,7453.76371,USD
US88031M1099,5005.676693,USD
US91912E1055,8683.846023,USD
US92242Y1001,533.3571966,USD
US9286625010,5858.197354,USD
US9286626000,9199.937198,USD
ZAE000003257,1020.75958,USD
ZAE000006284,2717.869069,USD
ZAE000006896,8538.818998,USD
ZAE000043485,7187.791383,USD
ZAE000054045,5999.45489,USD
ZAE000067211,445.2450151,USD
ZAE000081949,3563.652572,USD
ZAE000084992,7020.955315,USD
ZAE000096541,675.950995,USD
ZAE000109815,3704.270228,USD
ZAE000134961,8451.657395,USD
ZAE000173951,4152.50495,USD
AN8068571086,5597.959816,USD
IE00B8KQN827,6889.265357,USD
LR0008862868,1058.984489,USD
US00130H1059,394.9920309,USD
US00206R1023,5757.731338,USD
US0091581068,9827.140409,USD
US0116591092,2128.327397,USD
US0188021085,976.4708263,USD
US02079K1079,775.146774,USD
US02079K3059,2683.69412,USD
US0231351067,985.6566187,USD
US0236081024,7311.161722,USD
US02376R1023,9675.262887,USD
US0255371017,7657.668695,USD
US0325111070,8679.250181,USD
US0374111054,824.1771962,USD
US0378331005,3053.853414,USD
US0382221051,868.1025394,USD
US0394831020,6989.145201,USD
US0605051046,2967.933612,USD
US0846707026,2206.718037,USD
US09062X1037,5119.347351,USD
US09247X1019,5082.173434,USD
US1101221083,3175.225358,USD
US1258961002,5935.199085,USD
US1270971039,5978.573398,USD
US1491231015,2473.896462,USD
US1667641005,8609.025248,USD
US1717981013,3272.419984,USD
US1729674242,7999.324214,USD
US20605P1012,52.39360891,USD
US20825C1045,8458.737805,USD
US2091151041,1579.722386,USD
US22160K1051,7502.839603,USD
US2333311072,4047.777517,USD
US2441991054,9922.805224,USD
US2473617023,5363.380538,USD
US25179M1036,3175.579918,USD
US25278X1090,6141.928649,USD
US25746U1097,1656.649405,USD
US26078J1007,7574.795365,USD
US26441C2044,9950.694813,USD
US26875P1012,4368.453885,USD
US2774321002,8133.646621,USD
US2786421030,8168.501672,USD
US2810201077,5067.451996,USD
US29364G1031,843.9353368,USD
US30034W1062,3037.984504,USD
US30040W1080,5499.963304,USD
US30161N1019,2965.653961,USD
US30231G1022,8288.249809,USD
US31428X1063,9515.686211,USD
US3379321074,9744.998074,USD
US3434121022,4299.625176,USD
US3453708600,2221.765966,USD
US35671D8570,4329.723775,USD
US3695501086,6000.139047,USD
US3696041033,4907.879506,USD
US3703341046,1733.48552,USD
US37045V1008,7435.750369,USD
US3848021040,948.438627,USD
US40434L1052,999.3550696,USD
US4062161017,9506.680988,USD
US42809H1077,6409.511173,USD
US4361061082,732.2397702,USD
US4581401001,1109.521494,USD
US5719032022,4336.36712,USD
US58933Y1055,7530.040314,USD
US6174464486,1227.298517,USD
US6293775085,8971.04597,USD
US6293778881,9313.1832,USD
US6512901082,9702.875295,USD
US65339F1012,9080.241477,USD
US65473P1057,581.3502089,USD
US6550441058,8703.793562,USD
US6558441084,9083.286879,USD
US6703461052,2810.202608,USD
US6745991058,4007.481011,USD
US69331C1080,6893.125455,USD
US6935061076,3486.131593,USD
US69351T1060,5169.545342,USD
US6951561090,7176.683517,USD
US7170811035,3805.796381,USD
US7234841010,5421.923684,USD
US7237871071,4710.026273,USD
US7445731067,214.0869884,USD
US74762E1029,7812.765616,USD
US7607591002,2000.734334,USD
US78440X1019,5228.714047,USD
US8168511090,9185.643309,USD
US8425871071,2951.772768,USD
US8447411088,986.1393451,USD
US8718291078,3813.374551,USD
US87612E1064,2164.399064,USD
US88579Y1010,2721.041342,USD
US9024941034,8906.272236,USD
US9100471096,1300.753099,USD
US9113121068,9885.076294,USD
US9130171096,3786.8809,USD
US91913Y1001,5621.029041,USD
US9291601097,7366.223542,USD
US92939U1060,4023.697117,USD
US94106L1098,5166.249809,USD
US9418481035,6375.574262,USD
US9497461015,2612.635464,USD
US9621661043,1362.566481,USD
US98389B1008,7594.109068,USD
AN8068571086,720.5661729,USD
IE00B8KQN827,4152.537869,USD
LR0008862868,3887.965354,USD
US00130H1059,4068.273151,USD
US00206R1023,2814.840703,USD
US0091581068,5769.567077,USD
US0116591092,6668.26935,USD
US0188021085,8696.645993,USD
US02079K1079,9254.573656,USD
US02079K3059,6459.26674,USD
US0231351067,2252.706383,USD
US0236081024,35.82624236,USD
US02376R1023,5224.45006,USD
US0255371017,4486.321955,USD
US0325111070,2215.094484,USD
US0374111054,2311.126881,USD
US0378331005,5881.935674,USD
US0382221051,3484.349981,USD
US0394831020,7137.925953,USD
US0605051046,7848.891465,USD
US0846701086,8643.910151,USD
US0846707026,216.9519681,USD
US09062X1037,4269.463042,USD
US09247X1019,1860.38006,USD
US1101221083,5297.499417,USD
US1258961002,3379.550124,USD
US1270971039,4466.610445,USD
US1491231015,8419.782346,USD
US1667641005,8103.280873,USD
US1717981013,3856.081607,USD
US1729674242,2214.861965,USD
US20605P1012,4535.956205,USD
US20825C1045,8094.346901,USD
US2091151041,7596.310987,USD
US22160K1051,5411.669383,USD
US2333311072,5603.703112,USD
US2441991054,623.3629451,USD
US2473617023,2288.02799,USD
US25179M1036,8481.936229,USD
US25278X1090,1402.366338,USD
US25746U1097,3487.288819,USD
US26078J1007,8731.684589,USD
US26441C2044,7916.758101,USD
US26875P1012,8514.744259,USD
US2774321002,3546.953942,USD
US2786421030,4387.104614,USD
US2810201077,1472.020548,USD
US29364G1031,6306.734234,USD
US30034W1062,2933.94631,USD
US30040W1080,6454.881966,USD
US30161N1019,7088.836166,USD
US30231G1022,6632.009959,USD
US31428X1063,4540.621298,USD
US3379321074,415.5913383,USD
US3434121022,7953.549824,USD
US3453708600,8561.275335,USD
US35671D8570,5411.237267,USD
US3695501086,4374.925243,USD
US3696041033,3830.206267,USD
US3703341046,5904.935087,USD
US37045V1008,5261.054543,USD
US3848021040,1676.564675,USD
US40434L1052,753.2156918,USD
US4062161017,7795.350105,USD
US42809H1077,299.9854052,USD
US4361061082,1665.422742,USD
US4581401001,8019.674017,USD
US5719032022,3009.790272,USD
US58933Y1055,2224.157512,USD
US6174464486,8409.354645,USD
US6293775085,3285.564363,USD
US6293778881,4774.900406,USD
US6512901082,1561.218968,USD
US65339F1012,7499.781036,USD
US65473P1057,9243.717572,USD
US6550441058,9009.857365,USD
US6558441084,4268.447236,USD
US6703461052,8492.650101,USD
US6745991058,7045.272937,USD
US69331C1080,2152.981506,USD
US6935061076,9998.327616,USD
US69351T1060,3621.922496,USD
US6951561090,1379.126417,USD
US7170811035,7355.356496,USD
US7234841010,335.360434,USD
US7237871071,6030.511074,USD
US7445731067,5291.320842,USD
US74762E1029,2145.590953,USD
US7607591002,6150.686679,USD
US78440X1019,486.867497,USD
US8168511090,7849.709034,USD
US8425871071,6258.300348,USD
US8447411088,9288.722488,USD
US8718291078,9823.554682,USD
US87612E1064,2727.399162,USD
US88579Y1010,3201.360579,USD
US9024941034,8934.96146,USD
US9100471096,9558.486415,USD
US9113121068,84.51151143,USD
US9130171096,2637.179012,USD
US91913Y1001,4035.612851,USD
US9291601097,3381.104641,USD
US92939U1060,6844.077657,USD
US94106L1098,9715.375847,USD
US9418481035,9829.493885,USD
US9497461015,6668.219432,USD
US9621661043,4154.323544,USD
US98389B1008,1485.513445,USD
AN8068571086,7090.343933,USD
BRVALEACNOR0,5370.488733,USD
CA0679011084,2651.771072,USD
CA1363851017,5857.095229,USD
CA29250N1050,2463.902048,USD
CA8672241079,2167.144619,USD
CA8787422044,514.8333785,USD
DE0007664005,9559.765842,USD
DE0007664039,3596.502292,USD
ES0171996095,246.334492,USD
ES0177542018,3425.391597,USD
FR0000120271,4409.234488,USD
GB00B03MLX29,8963.507333,USD
GB00B03MM408,1144.570903,USD
GB00B63H8491,2412.657806,USD
INE002A01018,4349.479184,USD
JE00B4T3BW64,5625.602965,USD
NO0005052605,2246.146398,USD
US0138721065,368.8931367,USD
US01609W1027,6232.134092,USD
US02079K1079,2046.035892,USD
US02079K3059,5190.64841,USD
US0231351067,7925.322561,USD
US0378331005,6380.987115,USD
US0382221051,6396.373638,USD
US0605051046,2030.173326,USD
US0846701086,6346.390915,USD
US0846707026,3603.081895,USD
US09062X1037,5056.576383,USD
US09247X1019,8612.948094,USD
US1270971039,3020.699277,USD
US1491231015,9584.624147,USD
US15136A1025,7301.553494,USD
US1651671075,8307.712527,USD
US1667641005,3771.642496,USD
US1717981013,7288.28695,USD
US20605P1012,9633.807916,USD
US20825C1045,3528.040897,USD
US22160K1051,9469.92688,USD
US2441991054,8375.204868,USD
US2473617023,5448.474093,USD
US25278X1090,294.5255448,USD
US26078J1007,2677.848711,USD
US26875P1012,9599.832484,USD
US30231G1022,380.2945737,USD
US35671D8570,2786.213122,USD
US3695501086,1391.649396,USD
US3696041033,435.4152846,USD
US37045V1008,3538.670449,USD
US4062161017,6453.921297,USD
US4581401001,6329.868118,USD
US5719032022,8473.556163,USD
US6174464486,6675.005485,USD
US6267171022,1110.613204,USD
US6550441058,8347.929296,USD
US6558441084,2152.188561,USD
US6745991058,5816.043039,USD
US69331C1080,5972.624393,USD
US7018771029,5412.13503,USD
US7170811035,1771.50925,USD
US7237871071,8755.62351,USD
US7802591070,6004.556873,USD
US7802592060,7274.49877,USD
US7835132033,9908.308961,USD
US88160R1014,938.5789039,USD
US9100471096,645.0843095,USD
US91912E1055,9124.650326,USD
US9286625010,4982.648392,USD
US9286626000,1012.452367,USD
US94106L1098,2092.095088,USD
US9497461015,6555.308106,USD
AN8068571086,2551.544201,USD
BRVALEACNOR0,2862.425488,USD
CA0679011084,2765.108279,USD
CA1363851017,2149.300035,USD
CA29250N1050,8608.396552,USD
CA8672241079,248.6475051,USD
CA8787422044,719.5165382,USD
DE0007664005,9452.037104,USD
DE0007664039,8830.997727,USD
ES0171996095,8430.961163,USD
ES0177542018,5418.18336,USD
FR0000120271,7657.887751,USD
GB00B03MLX29,3655.782728,USD
GB00B03MM408,6764.150198,USD
GB00B63H8491,8042.024966,USD
IE00BY7QL619,6885.714241,USD
INE002A01018,4900.652407,USD
JE00B4T3BW64,129.0731354,USD
NO0005052605,4389.800069,USD
US0138721065,3291.5302,USD
US01609W1027,6727.713507,USD
US02079K1079,6617.851487,USD
US02079K3059,9603.945543,USD
US0231351067,214.9046701,USD
US0378331005,9051.273437,USD
US0382221051,8415.665949,USD
US0605051046,5279.647418,USD
US0846701086,9985.637985,USD
US0846707026,7085.538185,USD
US09062X1037,1181.069881,USD
US09247X1019,8622.662804,USD
US1270971039,3535.404999,USD
US1491231015,6934.001256,USD
US15136A1025,9651.023351,USD
US1651671075,7898.858241,USD
US1667641005,8567.037558,USD
US1717981013,1055.738685,USD
US20605P1012,1074.032475,USD
US20825C1045,1323.84255,USD
US22160K1051,3066.516254,USD
US2441991054,1058.04886,USD
US2473617023,8530.42661,USD
US25278X1090,7786.01381,USD
US26078J1007,3944.191736,USD
US26875P1012,5554.175175,USD
US30231G1022,7706.360092,USD
US35671D8570,9329.132193,USD
US3695501086,643.4731337,USD
US3696041033,1757.000238,USD
US37045V1008,8192.088352,USD
US4062161017,6473.49989,USD
US46625H1005,1265.252989,USD
US4781601046,1162.71091,USD
US5398301094,6125.886546,USD
US6174464486,7059.038234,USD
US6267171022,7750.19621,USD
US6550441058,8099.563127,USD
US6558441084,410.8401909,USD
US6745991058,5253.96778,USD
US69331C1080,5941.040406,USD
US7018771029,5857.873182,USD
US7237871071,2112.756838,USD
US7802591070,9896.792352,USD
US7802592060,624.6024041,USD
US88160R1014,87.7961578,USD
US9100471096,980.6430077,USD
US91912E1055,6169.104798,USD
US9286625010,3624.414723,USD
US9286626000,1457.589294,USD
US94106L1098,2734.478364,USD
US9497461015,8228.893146,USD
AN8068571086,1139.876454,USD
BRVALEACNOR0,5285.950737,USD
CA0679011084,4131.182195,USD
CA1363851017,116.1329269,USD
CA29250N1050,1828.436,USD
CA8672241079,4418.584765,USD
CA8787422044,3314.359491,USD
DE0007664005,3936.998346,USD
DE0007664039,631.6922296,USD
ES0171996095,3906.616185,USD
ES0177542018,5884.660906,USD
FR0000120271,258.5648292,USD
GB00B03MLX29,1439.680317,USD
GB00B03MM408,1581.475958,USD
GB00B63H8491,3619.777536,USD
IE00BY7QL619,8882.267201,USD
INE002A01018,1363.81788,USD
JE00B4T3BW64,8581.102114,USD
NO0005052605,2804.881385,USD
US0138721065,8577.232219,USD
US01609W1027,6963.830556,USD
US02079K1079,928.9474521,USD
US02079K3059,5577.529512,USD
US0231351067,991.1797563,USD
US0378331005,6702.336576,USD
US0382221051,2937.518679,USD
US0605051046,2811.128018,USD
US0846701086,9195.522848,USD
US0846707026,7901.077552,USD
US09062X1037,4909.56668,USD
US09247X1019,5476.811161,USD
US1270971039,3120.332665,USD
US1491231015,9339.653954,USD
US15136A1025,323.4701981,USD
US1651671075,9916.839199,USD
US1667641005,3592.605181,USD
US1717981013,2014.891303,USD
US20605P1012,2079.15415,USD
US20825C1045,8927.621735,USD
US22160K1051,6898.819529,USD
US2441991054,9989.646894,USD
US2473617023,527.1859775,USD
US25278X1090,3393.963805,USD
US26078J1007,5079.654028,USD
US26875P1012,6780.710664,USD
US30231G1022,8519.606265,USD
US35671D8570,9596.469127,USD
US3695501086,4802.458571,USD
US3696041033,3146.069416,USD
US37045V1008,4608.648439,USD
US4062161017,9036.052451,USD
US46625H1005,8143.67779,USD
US4781601046,4950.868297,USD
US5398301094,9028.565274,USD
US6174464486,4642.295869,USD
US6267171022,7236.279748,USD
US6550441058,7047.658253,USD
US6558441084,9778.36331,USD
US6745991058,2887.741207,USD
US69331C1080,5158.903558,USD
US7018771029,2992.714763,USD
US7237871071,4467.338016,USD
US7802591070,9320.544592,USD
US7802592060,1640.772106,USD
US88160R1014,2836.733056,USD
US9100471096,1352.149144,USD
US91912E1055,8442.403308,USD
US9286625010,1400.433297,USD
US9286626000,1559.303727,USD
US94106L1098,8724.165548,USD
US9497461015,9072.663075,USD
AN8068571086,9634.483483,USD
BRVALEACNOR0,6832.059543,USD
CA0679011084,4453.554192,USD
CA1363851017,2602.453368,USD
CA29250N1050,3367.175912,USD
CA8672241079,3783.106743,USD
CA8787422044,4396.212732,USD
DE0007664005,440.5977509,USD
DE0007664039,8832.87438,USD
ES0171996095,9882.807484,USD
ES0177542018,8553.216254,USD
FR0000120271,5637.156184,USD
GB00B03MLX29,3138.108474,USD
GB00B03MM408,8235.429551,USD
GB00B63H8491,5250.45109,USD
IE00BY7QL619,7007.35559,USD
INE002A01018,4758.058137,USD
JE00B4T3BW64,9176.424514,USD
NO0005052605,9018.26103,USD
US0138721065,5140.444221,USD
US01609W1027,4214.538561,USD
US02079K1079,7362.513371,USD
US02079K3059,6211.207525,USD
US0231351067,9796.055516,USD
US0378331005,5856.153273,USD
US0382221051,2753.229295,USD
US0605051046,6902.458151,USD
US0846701086,5449.344348,USD
US0846707026,9093.027952,USD
US09062X1037,1312.803519,USD
US09247X1019,8068.354284,USD
US1270971039,1108.883903,USD
US1491231015,3208.808657,USD
US15136A1025,5891.201167,USD
US1651671075,3640.255716,USD
US1667641005,6283.919013,USD
US1717981013,2725.464011,USD
US20605P1012,5984.480823,USD
US20825C1045,3631.885569,USD
US22160K1051,3258.276567,USD
US2441991054,9073.513874,USD
US2473617023,9544.470894,USD
US25278X1090,5738.702782,USD
US26078J1007,807.9489817,USD
US26875P1012,722.4469347,USD
US30231G1022,2288.607466,USD
US35671D8570,6100.165748,USD
US3695501086,1479.560117,USD
US3696041033,4266.197116,USD
US37045V1008,1028.992888,USD
US4062161017,4731.972636,USD
US46625H1005,2851.635009,USD
US4781601046,3771.086311,USD
US5398301094,6870.524923,USD
US6174464486,8588.799986,USD
US6267171022,6391.502365,USD
US6550441058,9636.991238,USD
US6558441084,1664.601544,USD
US6745991058,9990.423373,USD
US69331C1080,3377.284995,USD
US7018771029,651.5836329,USD
US7237871071,5052.158369,USD
US7802591070,8344.025448,USD
US7802592060,533.0852268,USD
US88160R1014,9860.178192,USD
US9100471096,8501.456203,USD
US91912E1055,2246.829251,USD
US9286625010,9808.834814,USD
US9286626000,4169.724432,USD
US94106L1098,5918.12452,USD
US9497461015,6911.2925,USD
AN8068571086,730.7830246,USD
BRVALEACNOR0,47.6753428,USD
CA0679011084,4912.429164,USD
CA1363851017,9085.111441,USD
CA29250N1050,5660.432378,USD
CA8672241079,7694.947391,USD
CA8787422044,8080.16635,USD
DE0007664005,8681.900392,USD
DE0007664039,9352.053567,USD
ES0171996095,3777.573993,USD
ES0177542018,8903.117572,USD
FR0000120271,1738.185354,USD
GB00B03MLX29,2213.742286,USD
GB00B03MM408,6682.446107,USD
GB00B63H8491,4010.367066,USD
IE00BY7QL619,2603.586682,USD
INE002A01018,3864.872395,USD
JE00B4T3BW64,1208.158185,USD
NO0005052605,7023.052563,USD
US0138721065,8719.477633,USD
US01609W1027,5737.368299,USD
US02079K1079,9115.426978,USD
US02079K3059,1522.217279,USD
US0231351067,2166.464979,USD
US0378331005,7730.956093,USD
US0382221051,3780.190366,USD
US0605051046,8550.643406,USD
US0846701086,6145.009606,USD
US0846707026,5543.784665,USD
US09062X1037,495.135341,USD
US09247X1019,3180.599849,USD
US1270971039,3496.815918,USD
US1491231015,5970.523208,USD
US15136A1025,1270.95778,USD
US1651671075,9032.547656,USD
US1667641005,2734.938475,USD
US1717981013,3686.018606,USD
US20605P1012,4981.274722,USD
US20825C1045,388.7361274,USD
US22160K1051,3820.200123,USD
US2441991054,6223.327247,USD
US2473617023,7918.664852,USD
US25278X1090,3721.463316,USD
US26078J1007,272.3606685,USD
US26875P1012,5944.604107,USD
US30231G1022,7128.478032,USD
US35671D8570,4729.11795,USD
US3695501086,7206.680933,USD
US3696041033,325.2240267,USD
US37045V1008,776.7045167,USD
US4062161017,710.1803272,USD
US46625H1005,3761.721634,USD
US4781601046,4470.147636,USD
US5398301094,832.9740567,USD
US6174464486,1002.580904,USD
US6267171022,9587.623513,USD
US6550441058,4540.330439,USD
US6558441084,2798.799641,USD
US6745991058,3958.267462,USD
US69331C1080,418.6566662,USD
US7018771029,9276.210758,USD
US7237871071,1450.171783,USD
US7802591070,4898.504702,USD
US7802592060,5148.279421,USD
US88160R1014,8782.913864,USD
US9100471096,7061.949513,USD
US91912E1055,4623.12823,USD
US9286625010,2263.552986,USD
US9286626000,8042.560263,USD
US94106L1098,2241.037153,USD
US9497461015,3539.825592,USD
AN8068571086,2183.109444,USD
BRVALEACNOR0,6049.741442,USD
CA0679011084,5741.487468,USD
CA1363851017,575.8697006,USD
CA29250N1050,5363.73189,USD
CA8672241079,4811.358815,USD
CA8787422044,5198.284014,USD
DE0007664005,5749.813324,USD
DE0007664039,4238.971663,USD
ES0171996095,6401.769356,USD
ES0177542018,1619.531646,USD
FR0000120271,727.6055535,USD
GB00B03MLX29,4117.030062,USD
GB00B03MM408,457.7251843,USD
GB00B63H8491,4296.804525,USD
IE00BY7QL619,5128.276738,USD
INE002A01018,569.8092727,USD
JE00B4T3BW64,5517.005415,USD
NO0005052605,3035.522833,USD
US0138721065,5991.180204,USD
US01609W1027,551.5849741,USD
US02079K1079,1229.944023,USD
US02079K3059,6610.700168,USD
US0231351067,3536.806638,USD
US0378331005,6213.136564,USD
US0382221051,8296.26349,USD
US0605051046,2881.351007,USD
US0846701086,9861.679256,USD
US0846707026,721.6179499,USD
US09062X1037,9118.179426,USD
US09247X1019,2497.567037,USD
US1270971039,1145.535452,USD
US1491231015,9317.140327,USD
US15136A1025,9378.760029,USD
US1651671075,3468.662222,USD
US1667641005,7863.335177,USD
US1717981013,731.6102301,USD
US20605P1012,3014.450681,USD
US20825C1045,8058.469753,USD
US22160K1051,9134.65809,USD
US2441991054,1515.066877,USD
US2473617023,7481.470824,USD
US25278X1090,5945.785396,USD
US26078J1007,3711.619627,USD
US26875P1012,915.9435235,USD
US30231G1022,4131.453811,USD
US35671D8570,9748.930678,USD
US3695501086,9057.801647,USD
US3696041033,6785.338439,USD
US37045V1008,6526.92962,USD
US4062161017,2827.321224,USD
US46625H1005,2245.471302,USD
US4781601046,5025.912072,USD
US5398301094,5972.271467,USD
US6174464486,9542.54774,USD
US6267171022,3220.244887,USD
US6550441058,7455.96836,USD
US6558441084,2193.113045,USD
US6745991058,3245.466493,USD
US69331C1080,560.3686264,USD
US7018771029,5954.419131,USD
US7237871071,9054.912538,USD
US7802591070,933.8158334,USD
US7802592060,5803.468086,USD
US88160R1014,9730.29597,USD
US9100471096,1369.272158,USD
US91912E1055,6145.247227,USD
US9286625010,408.3251122,USD
US9286626000,6017.365456,USD
US94106L1098,5472.994326,USD
US9497461015,9305.339699,USD
AN8068571086,6251.19115,USD
BRVALEACNOR0,7987.303399,USD
CA0679011084,3288.541438,USD
CA1363851017,9057.884676,USD
CA29250N1050,8444.960296,USD
CA8672241079,8435.822545,USD
CA8787422044,1368.294123,USD
DE0007664005,3253.819166,USD
DE0007664039,1449.773198,USD
ES0171996095,588.2800073,USD
ES0177542018,3568.771588,USD
FR0000120271,8580.34448,USD
GB00B03MLX29,5768.967969,USD
GB00B03MM408,8604.106613,USD
GB00B63H8491,5940.920732,USD
IE00BY7QL619,3131.17307,USD
INE002A01018,2437.946212,USD
JE00B4T3BW64,5977.407195,USD
NO0005052605,1528.946648,USD
US0138721065,3587.199041,USD
US01609W1027,6027.210774,USD
US02079K1079,3099.588131,USD
US02079K3059,1966.214054,USD
US0231351067,5641.750919,USD
US0378331005,8919.15245,USD
US0382221051,5406.701379,USD
US0605051046,7199.311596,USD
US0846701086,6997.384632,USD
US0846707026,778.2335478,USD
US09062X1037,6513.931504,USD
US09247X1019,280.0984459,USD
US1270971039,6601.334184,USD
US1491231015,8328.12036,USD
US15136A1025,6062.183198,USD
US1651671075,4461.778538,USD
US1667641005,6425.02091,USD
US1717981013,8336.691156,USD
US20605P1012,2097.159201,USD
US20825C1045,2979.691277,USD
US22160K1051,38.52907442,USD
US2441991054,4919.786571,USD
US2473617023,8999.07438,USD
US25278X1090,7726.418927,USD
US26078J1007,8383.67142,USD
US26875P1012,8134.499079,USD
US30231G1022,9816.034523,USD
US35671D8570,1097.999351,USD
US3695501086,1699.342865,USD
US3696041033,8203.468545,USD
US37045V1008,5281.141786,USD
US4062161017,6592.10668,USD
US46625H1005,8539.599559,USD
